batch_id,to_email,click_date
55267,qovota@gideq.org,
55267,hivaka@fuvep.com,
55267,totopi@sutuz.com,
55267,tahuju@wiles.net,
55267,wasove@tafod.net,
55267,cewusu@guwug.org,
55267,xiqexe@hukuy.org,
55267,nicuxe@cuzud.com,
55267,zovofo@nugox.com,
55267,huluxi@nuqob.org,
55267,sepoge@fuvim.org,
55267,guvaze@zayor.net,
55267,qegape@tisuj.com,
55267,tivemu@gequp.net,
55267,diweha@yafak.net,
55267,tevufa@vajuv.org,
55267,gejodo@haheb.org,
55267,sevihu@ruhic.com,
55267,gekoxo@fidoz.org,
55267,kavivo@ciluz.com,
55267,hicaxe@mexuq.org,"2018-08-21 08:47:23, 2018-08-21 08:50:39, 2018-08-21 08:47:23, 2018-08-21 08:50:40, 2018-08-21 08:48:54"
55267,hicaxe@mexuq.org,"2018-08-21 08:48:54, 2018-08-21 08:50:39, 2018-08-21 08:47:23, 2018-08-21 08:50:40, 2018-08-21 08:48:54"
55267,hicaxe@mexuq.org,"2018-08-21 08:50:39, 2018-08-21 08:50:39, 2018-08-21 08:47:23, 2018-08-21 08:50:40, 2018-08-21 08:48:54"
55267,hicaxe@mexuq.org,"2018-08-21 08:50:40, 2018-08-21 08:50:39, 2018-08-21 08:47:23, 2018-08-21 08:50:40, 2018-08-21 08:48:54"
55267,vetupo@yazid.net,
55267,gohixu@cicoy.net,"2018-08-21 11:54:51, 2018-08-21 11:57:20, 2018-08-21 11:57:54, 2018-08-21 11:54:51, 2018-08-21 12:00:39"
55267,gohixu@cicoy.net,"2018-08-21 11:57:20, 2018-08-21 11:57:20, 2018-08-21 11:57:54, 2018-08-21 11:54:51, 2018-08-21 12:00:39"
55267,gohixu@cicoy.net,"2018-08-21 11:57:54, 2018-08-21 11:57:20, 2018-08-21 11:57:54, 2018-08-21 11:54:51, 2018-08-21 12:00:39"
55267,gohixu@cicoy.net,"2018-08-21 12:00:39, 2018-08-21 11:57:20, 2018-08-21 11:57:54, 2018-08-21 11:54:51, 2018-08-21 12:00:39"
55267,piwube@qecit.net,
55267,kalipa@bayen.com,"2018-08-20 23:11:52, 2018-08-20 23:11:52, 2018-08-25 07:33:54, 2018-08-21 04:55:44, 2018-08-25 12:34:56"
55267,kalipa@bayen.com,"2018-08-21 04:55:44, 2018-08-20 23:11:52, 2018-08-25 07:33:54, 2018-08-21 04:55:44, 2018-08-25 12:34:56"
55267,kalipa@bayen.com,"2018-08-25 07:33:54, 2018-08-20 23:11:52, 2018-08-25 07:33:54, 2018-08-21 04:55:44, 2018-08-25 12:34:56"
55267,kalipa@bayen.com,"2018-08-25 12:34:56, 2018-08-20 23:11:52, 2018-08-25 07:33:54, 2018-08-21 04:55:44, 2018-08-25 12:34:56"
55267,zunala@maqan.org,
55267,jadefo@cejol.net,
55267,lofovo@pehem.org,
55267,rinunu@tuqox.com,
55267,xijufi@tobag.com,"2018-08-23 19:35:28, 2018-08-23 19:39:09, 2018-08-23 19:35:28, 2018-08-23 19:35:33, 2018-08-23 19:38:14"
55267,xijufi@tobag.com,"2018-08-23 19:35:33, 2018-08-23 19:39:09, 2018-08-23 19:35:28, 2018-08-23 19:35:33, 2018-08-23 19:38:14"
55267,xijufi@tobag.com,"2018-08-23 19:38:14, 2018-08-23 19:39:09, 2018-08-23 19:35:28, 2018-08-23 19:35:33, 2018-08-23 19:38:14"
55267,xijufi@tobag.com,"2018-08-23 19:39:09, 2018-08-23 19:39:09, 2018-08-23 19:35:28, 2018-08-23 19:35:33, 2018-08-23 19:38:14"
55267,jijeyi@suqol.net,
55267,finebo@bogoz.com,
55267,gibodo@vutow.com,
55267,mowufo@yalev.net,
55267,pegupu@kidad.org,
55267,kozovo@zuvag.net,
55267,savayo@napig.com,"2018-08-25 11:10:10, 2018-08-25 11:10:10, 2018-08-25 11:15:14, 2018-08-25 11:11:01"
55267,savayo@napig.com,"2018-08-25 11:11:01, 2018-08-25 11:10:10, 2018-08-25 11:15:14, 2018-08-25 11:11:01"
55267,savayo@napig.com,"2018-08-25 11:15:14, 2018-08-25 11:10:10, 2018-08-25 11:15:14, 2018-08-25 11:11:01"
55267,sugezo@gopum.org,
55267,diyija@hotec.org,
55267,bozeda@malug.org,
55267,yunuwe@hipuh.net,
55267,xigose@xojab.org,
55267,rehucu@beteq.com,
55267,fuyeze@kowoj.com,
55267,muxemi@votuq.org,
55267,jeyaxi@puqay.com,
55267,yijuca@xafek.org,
55267,gaditu@wokob.org,
55267,gogexi@povut.org,
55267,zucunu@hujix.com,
55267,yaqaha@dimib.com,
55267,wavaki@fepij.net,
55267,zurame@tojoq.org,
55267,docefe@vizug.org,"2018-08-22 15:40:54, 2018-08-22 23:14:00, 2018-08-25 12:39:21, 2018-08-22 15:40:54"
55267,docefe@vizug.org,"2018-08-22 23:14:00, 2018-08-22 23:14:00, 2018-08-25 12:39:21, 2018-08-22 15:40:54"
55267,docefe@vizug.org,"2018-08-25 12:39:21, 2018-08-22 23:14:00, 2018-08-25 12:39:21, 2018-08-22 15:40:54"
55267,nuxiqo@ketey.com,
55267,joxetu@lofov.net,
55267,pazeqe@boqod.org,
55267,memenu@fujeg.org,
55267,videpa@nupoh.com,
55267,zoqixo@boqes.com,"2018-08-25 12:34:31, 2018-08-25 12:34:31"
55267,fadazo@pebul.org,
55267,mizoce@bikig.net,
55267,hinaka@qajiq.com,
55267,zikuzu@fusif.com,"2018-08-24 23:17:17, 2018-08-24 23:18:11, 2018-08-24 23:19:41, 2018-08-24 23:17:17, 2018-08-29 20:46:07, 2018-08-30 22:20:11"
55267,zikuzu@fusif.com,"2018-08-24 23:18:11, 2018-08-24 23:18:11, 2018-08-24 23:19:41, 2018-08-24 23:17:17, 2018-08-29 20:46:07, 2018-08-30 22:20:11"
55267,zikuzu@fusif.com,"2018-08-24 23:19:41, 2018-08-24 23:18:11, 2018-08-24 23:19:41, 2018-08-24 23:17:17, 2018-08-29 20:46:07, 2018-08-30 22:20:11"
55267,jofeci@vobem.net,
55267,xupise@vefom.com,
55267,jobaci@qacad.com,
55267,kawigo@sacag.net,
55267,cijufo@zoxam.net,
55267,qeponu@jazic.com,
55267,pihunu@gociw.org,
55267,rugavo@noxag.com,
55267,gepado@zulow.org,
55267,buxopi@zedev.net,"2018-08-23 08:50:43, 2018-08-23 08:51:45, 2018-08-23 08:50:43, 2018-08-23 08:52:57"
55267,buxopi@zedev.net,"2018-08-23 08:51:45, 2018-08-23 08:51:45, 2018-08-23 08:50:43, 2018-08-23 08:52:57"
55267,buxopi@zedev.net,"2018-08-23 08:52:57, 2018-08-23 08:51:45, 2018-08-23 08:50:43, 2018-08-23 08:52:57"
55267,dicoha@fivaz.net,
55267,duveqi@larab.com,
55267,sopetu@biweh.net,"2018-08-22 23:21:34, 2018-08-22 23:21:36, 2018-08-22 23:21:34, 2018-08-22 23:22:13"
55267,sopetu@biweh.net,"2018-08-22 23:21:36, 2018-08-22 23:21:36, 2018-08-22 23:21:34, 2018-08-22 23:22:13"
55267,sopetu@biweh.net,"2018-08-22 23:22:13, 2018-08-22 23:21:36, 2018-08-22 23:21:34, 2018-08-22 23:22:13"
55267,hukija@vonow.net,
55267,gocibo@fezir.net,
55267,gebave@huxos.org,
55267,juqule@jonuj.org,
55267,juxexu@gixuj.net,
55267,jovodo@wimud.net,
55267,turaru@bafer.org,
55267,peputa@sikew.net,
55267,vivuxo@hohul.org,
55267,veguri@rehez.org,
55267,yupaqe@merid.com,
55267,qewise@gohax.net,
55267,tokewe@gowij.com,"2018-08-23 18:19:23, 2018-08-25 03:43:24, 2018-08-23 18:19:23"
55267,tokewe@gowij.com,"2018-08-25 03:43:24, 2018-08-25 03:43:24, 2018-08-23 18:19:23"
55267,hohete@fizaj.org,
55267,sumuye@vajer.org,
55267,povani@mafax.org,
55267,basoqa@gocoj.net,
55267,saguju@mizen.com,
55267,himota@jaxan.org,
55267,hucufa@fukiv.net,
55267,lavogo@fusej.org,
55267,huciqi@cazox.net,"2018-08-23 07:13:34, 2018-08-23 17:42:28, 2018-08-23 07:13:34"
55267,huciqi@cazox.net,"2018-08-23 17:42:28, 2018-08-23 17:42:28, 2018-08-23 07:13:34"
55267,humazu@rizuw.net,
55267,cidera@zafam.org,
55267,canaca@tukaz.org,
55267,helowa@cifes.org,
55267,jalujo@wazib.org,
55267,rijuzo@wirit.org,
55267,cukama@pacob.net,
55267,kegedu@genuk.org,
55267,vuwoba@ciniw.org,
55267,cipowa@fepac.org,"2018-08-23 14:10:12, 2018-08-23 14:10:12, 2018-08-30 13:01:46, 2018-08-31 09:14:37, 2018-08-31 01:48:55, 2018-08-30 14:43:49"
55267,hegoto@gowib.net,
55267,dopire@posev.com,
55267,ridave@buyab.org,
55267,dacico@saxev.net,"2018-08-23 16:16:17, 2018-08-23 16:19:35, 2018-08-23 16:16:17, 2018-08-23 16:21:57"
55267,dacico@saxev.net,"2018-08-23 16:19:35, 2018-08-23 16:19:35, 2018-08-23 16:16:17, 2018-08-23 16:21:57"
55267,dacico@saxev.net,"2018-08-23 16:21:57, 2018-08-23 16:19:35, 2018-08-23 16:16:17, 2018-08-23 16:21:57"
55267,pepenu@quwiq.org,
55267,caqoqi@hotuh.org,
55267,yoliko@sokav.net,
55267,zinazu@retum.com,
55267,zotala@zeduk.com,"2018-08-22 22:44:29, 2018-08-22 22:48:49, 2018-08-22 22:49:05, 2018-08-22 22:44:29, 2018-08-22 22:51:48"
55267,zotala@zeduk.com,"2018-08-22 22:48:49, 2018-08-22 22:48:49, 2018-08-22 22:49:05, 2018-08-22 22:44:29, 2018-08-22 22:51:48"
55267,zotala@zeduk.com,"2018-08-22 22:49:05, 2018-08-22 22:48:49, 2018-08-22 22:49:05, 2018-08-22 22:44:29, 2018-08-22 22:51:48"
55267,zotala@zeduk.com,"2018-08-22 22:51:48, 2018-08-22 22:48:49, 2018-08-22 22:49:05, 2018-08-22 22:44:29, 2018-08-22 22:51:48"
55267,miwicu@cuvip.net,
55267,timifu@tidiw.com,
55267,wofori@lowec.net,
55267,wamilo@fudev.com,"2018-08-24 01:55:59, 2018-08-24 02:02:00, 2018-08-24 01:59:40, 2018-08-24 01:55:59"
55267,wamilo@fudev.com,"2018-08-24 01:59:40, 2018-08-24 02:02:00, 2018-08-24 01:59:40, 2018-08-24 01:55:59"
55267,wamilo@fudev.com,"2018-08-24 02:02:00, 2018-08-24 02:02:00, 2018-08-24 01:59:40, 2018-08-24 01:55:59"
55267,gikuvu@heqix.net,
55267,rasite@mubah.org,
55267,tedaro@cofuf.net,
55267,xivoye@jelac.org,
55267,potane@devat.com,
55267,riqoko@cuvir.net,"2018-08-25 06:49:46, 2018-08-25 06:55:57, 2018-08-25 06:53:56, 2018-08-25 06:49:46, 2018-08-25 06:55:07"
55267,riqoko@cuvir.net,"2018-08-25 06:53:56, 2018-08-25 06:55:57, 2018-08-25 06:53:56, 2018-08-25 06:49:46, 2018-08-25 06:55:07"
55267,riqoko@cuvir.net,"2018-08-25 06:55:07, 2018-08-25 06:55:57, 2018-08-25 06:53:56, 2018-08-25 06:49:46, 2018-08-25 06:55:07"
55267,riqoko@cuvir.net,"2018-08-25 06:55:57, 2018-08-25 06:55:57, 2018-08-25 06:53:56, 2018-08-25 06:49:46, 2018-08-25 06:55:07"
55267,vijeni@ralon.net,
55267,lutahu@woruq.org,"2018-08-24 20:11:40, 2018-08-24 20:20:31, 2018-08-24 20:12:19, 2018-08-24 20:12:00, 2018-08-24 20:11:40"
55267,lutahu@woruq.org,"2018-08-24 20:12:00, 2018-08-24 20:20:31, 2018-08-24 20:12:19, 2018-08-24 20:12:00, 2018-08-24 20:11:40"
55267,lutahu@woruq.org,"2018-08-24 20:12:19, 2018-08-24 20:20:31, 2018-08-24 20:12:19, 2018-08-24 20:12:00, 2018-08-24 20:11:40"
55267,lutahu@woruq.org,"2018-08-24 20:20:31, 2018-08-24 20:20:31, 2018-08-24 20:12:19, 2018-08-24 20:12:00, 2018-08-24 20:11:40"
55267,xiruzu@pigoc.net,
55267,fixumo@wevam.net,"2018-08-25 06:57:48, 2018-08-25 07:01:08, 2018-08-25 06:57:48"
55267,fixumo@wevam.net,"2018-08-25 07:01:08, 2018-08-25 07:01:08, 2018-08-25 06:57:48"
55267,bopojo@yonon.com,
55267,kemiga@pikiz.org,
55267,numudu@cizag.net,
55267,jajape@ziwub.com,
55267,kadali@dilix.org,
55267,yoxiwa@kesas.com,"2018-08-20 18:53:00, 2018-08-22 02:12:09, 2018-08-20 18:53:00, 2018-08-24 10:09:59"
55267,yoxiwa@kesas.com,"2018-08-22 02:12:09, 2018-08-22 02:12:09, 2018-08-20 18:53:00, 2018-08-24 10:09:59"
55267,yoxiwa@kesas.com,"2018-08-24 10:09:59, 2018-08-22 02:12:09, 2018-08-20 18:53:00, 2018-08-24 10:09:59"
55267,kifaju@kefaj.com,
55267,bewaqa@jeseg.org,
55267,xeyota@hudod.net,
55267,suyuwi@vojab.org,"2018-08-21 09:41:54, 2018-08-21 09:41:54"
55267,wexupu@qafaq.com,
55267,fajoqa@hicuq.com,
55267,bifofi@jajis.com,
55267,rexaqu@zimey.net,
55267,fawera@qazif.net,
55267,xuyupa@zohiw.com,
55267,sonafo@sucid.com,
55267,gubeco@gohef.org,
55267,yuvule@vifil.net,
55267,qomobi@kadix.org,
55267,laredo@vuqom.net,
55267,karare@heluh.org,
55267,dibube@wuxoj.net,
55267,gacixa@moqol.org,
55267,qiseko@tagac.com,
55267,hadika@worez.com,
55267,kimiya@jolir.com,
55267,fifuru@fawul.org,
55267,dihiki@rofix.net,
55267,wojove@kuroy.com,
55267,kumato@hogun.net,
55267,dunoce@yoxed.com,
55267,vofomi@jikay.com,
55267,fizugu@nibul.com,
55267,yugasu@sunuw.com,
55267,docojo@godoy.net,
55267,hogegu@refic.net,"2018-08-21 11:09:38, 2018-08-21 11:10:49, 2018-08-21 11:09:38"
55267,hogegu@refic.net,"2018-08-21 11:10:49, 2018-08-21 11:10:49, 2018-08-21 11:09:38"
55267,qoyima@sonon.org,
55267,jewili@feqaj.net,
55267,gowami@beqal.net,
55267,nawipu@werij.net,
55267,fuwoxa@wirew.com,
55267,lufive@cujik.net,"2018-08-21 22:53:22, 2018-08-21 22:53:22, 2018-08-21 22:54:49, 2018-08-21 22:58:37, 2018-08-29 12:16:57"
55267,lufive@cujik.net,"2018-08-21 22:54:49, 2018-08-21 22:53:22, 2018-08-21 22:54:49, 2018-08-21 22:58:37, 2018-08-29 12:16:57"
55267,lufive@cujik.net,"2018-08-21 22:58:37, 2018-08-21 22:53:22, 2018-08-21 22:54:49, 2018-08-21 22:58:37, 2018-08-29 12:16:57"
55267,bevoho@yuxeg.org,
55267,tanewo@kodid.net,
55267,vukewu@kupen.org,
55267,yocaxi@gojiv.org,
55267,fejaho@fotaq.org,"2018-08-21 06:21:54, 2018-08-21 06:22:48, 2018-08-21 06:21:54, 2018-08-21 06:26:41"
55267,fejaho@fotaq.org,"2018-08-21 06:22:48, 2018-08-21 06:22:48, 2018-08-21 06:21:54, 2018-08-21 06:26:41"
55267,fejaho@fotaq.org,"2018-08-21 06:26:41, 2018-08-21 06:22:48, 2018-08-21 06:21:54, 2018-08-21 06:26:41"
55267,wucuyi@fujef.org,
55267,kujazi@wuric.com,
55267,davivo@julan.com,
55267,bemavu@hibir.com,
55267,xeqeke@cejoj.com,
55267,gakata@kojuw.com,
55267,peweva@nukor.net,
55267,yujiho@yuyah.net,"2018-08-24 01:03:58, 2018-08-24 01:10:26, 2018-08-24 01:03:58"
55267,yujiho@yuyah.net,"2018-08-24 01:10:26, 2018-08-24 01:10:26, 2018-08-24 01:03:58"
55267,xulexi@laseq.com,
55267,tabome@wiruj.net,
55267,qarefa@merok.net,
55267,soloxo@fupux.org,
55267,bidopa@geyiz.net,
55267,nakati@ziyey.com,
55267,gabiti@xugiz.net,"2018-08-24 02:48:29, 2018-08-24 02:48:29"
55267,huticu@banej.com,
55267,jozozi@hovuk.org,
55267,dujota@nujih.net,
55267,pukoxa@memup.com,
55267,logeyu@faxub.net,
55267,gacawe@fasow.com,
55267,futewa@yazeg.com,
55267,tufire@favev.net,
55267,ritixe@zuqim.org,
55267,nosaqi@zanax.org,
55267,pezoba@ditip.com,
55267,rereti@hiyom.com,
55267,hunebe@buloj.org,
55267,soromu@nexih.com,
55267,lerazu@peyan.net,"2018-08-22 03:10:05, 2018-08-23 17:48:24, 2018-08-25 08:42:36, 2018-08-22 03:10:05"
55267,lerazu@peyan.net,"2018-08-23 17:48:24, 2018-08-23 17:48:24, 2018-08-25 08:42:36, 2018-08-22 03:10:05"
55267,lerazu@peyan.net,"2018-08-25 08:42:36, 2018-08-23 17:48:24, 2018-08-25 08:42:36, 2018-08-22 03:10:05"
55267,goveki@vixos.com,"2018-08-20 18:32:04, 2018-08-20 18:38:20, 2018-08-20 18:32:04, 2018-08-20 18:35:13, 2018-08-20 18:38:56"
55267,goveki@vixos.com,"2018-08-20 18:35:13, 2018-08-20 18:38:20, 2018-08-20 18:32:04, 2018-08-20 18:35:13, 2018-08-20 18:38:56"
55267,goveki@vixos.com,"2018-08-20 18:38:20, 2018-08-20 18:38:20, 2018-08-20 18:32:04, 2018-08-20 18:35:13, 2018-08-20 18:38:56"
55267,goveki@vixos.com,"2018-08-20 18:38:56, 2018-08-20 18:38:20, 2018-08-20 18:32:04, 2018-08-20 18:35:13, 2018-08-20 18:38:56"
55267,hahiyi@datuy.net,
55267,zofoxu@daret.org,
55267,tedame@pegav.net,
55267,jivoqo@minow.com,
55267,batuja@geceg.org,
55267,jiboni@patox.org,
55267,dotone@fufox.net,"2018-08-24 00:32:18, 2018-08-24 00:32:18, 2018-08-24 00:32:21"
55267,dotone@fufox.net,"2018-08-24 00:32:21, 2018-08-24 00:32:18, 2018-08-24 00:32:21"
55267,sopuxu@nivob.com,
55267,qiwaqa@zabek.org,
55267,qanami@quher.net,
55267,funuca@qamag.org,"2018-08-25 03:22:57, 2018-08-25 03:22:57"
55267,minoho@qabox.org,
55267,boyomo@yofuw.com,
55267,bagiqe@vuwak.com,
55267,gojeca@xegix.org,"2018-08-23 13:39:25, 2018-08-23 13:43:59, 2018-08-23 13:39:25, 2018-08-23 13:41:44, 2018-08-23 13:44:05"
55267,gojeca@xegix.org,"2018-08-23 13:41:44, 2018-08-23 13:43:59, 2018-08-23 13:39:25, 2018-08-23 13:41:44, 2018-08-23 13:44:05"
55267,gojeca@xegix.org,"2018-08-23 13:43:59, 2018-08-23 13:43:59, 2018-08-23 13:39:25, 2018-08-23 13:41:44, 2018-08-23 13:44:05"
55267,gojeca@xegix.org,"2018-08-23 13:44:05, 2018-08-23 13:43:59, 2018-08-23 13:39:25, 2018-08-23 13:41:44, 2018-08-23 13:44:05"
55267,kuluya@hobep.com,
55267,silobi@cigiy.com,
55267,rikogo@ciniq.net,
55267,siloru@dimor.net,
55267,vejute@kapup.net,
55267,texixu@xetop.com,
55267,zimuxe@nabav.com,
55267,qasalo@geniw.org,
55267,yagupi@lawoz.net,
55267,qotiyu@megor.com,
55267,nivala@woxuf.net,"2018-08-20 17:04:30, 2018-08-20 17:04:30, 2018-08-20 17:08:28"
55267,nivala@woxuf.net,"2018-08-20 17:08:28, 2018-08-20 17:04:30, 2018-08-20 17:08:28"
55267,sakawo@yeziz.net,
55267,gadovu@hamux.org,
55267,duseke@voqow.net,"2018-08-23 02:48:49, 2018-08-23 02:48:49, 2018-08-23 02:57:17"
55267,duseke@voqow.net,"2018-08-23 02:57:17, 2018-08-23 02:48:49, 2018-08-23 02:57:17"
55267,fagoja@gucod.org,
55267,hudige@pixev.net,"2018-08-22 18:41:33, 2018-08-22 18:41:33"
55267,kidugu@tevit.com,
55267,quhago@ligos.com,
55267,gocadu@qirom.net,
55267,giqune@dufaz.net,"2018-08-20 20:15:44, 2018-08-22 21:27:32, 2018-08-22 20:28:30, 2018-08-24 12:37:00, 2018-08-20 20:15:44"
55267,giqune@dufaz.net,"2018-08-22 20:28:30, 2018-08-22 21:27:32, 2018-08-22 20:28:30, 2018-08-24 12:37:00, 2018-08-20 20:15:44"
55267,giqune@dufaz.net,"2018-08-22 21:27:32, 2018-08-22 21:27:32, 2018-08-22 20:28:30, 2018-08-24 12:37:00, 2018-08-20 20:15:44"
55267,giqune@dufaz.net,"2018-08-24 12:37:00, 2018-08-22 21:27:32, 2018-08-22 20:28:30, 2018-08-24 12:37:00, 2018-08-20 20:15:44"
55267,gasubu@xedus.net,
55267,zufuju@vexul.net,
55267,dobega@jabeb.org,
55267,davixi@riyuj.net,"2018-08-23 01:23:34, 2018-08-24 04:58:01, 2018-08-23 01:23:34"
55267,davixi@riyuj.net,"2018-08-24 04:58:01, 2018-08-24 04:58:01, 2018-08-23 01:23:34"
55267,cobaje@gunal.com,"2018-08-22 22:59:48, 2018-08-22 22:59:48, 2018-08-22 23:08:39, 2018-08-22 23:08:13, 2018-08-22 23:00:12"
55267,cobaje@gunal.com,"2018-08-22 23:00:12, 2018-08-22 22:59:48, 2018-08-22 23:08:39, 2018-08-22 23:08:13, 2018-08-22 23:00:12"
55267,cobaje@gunal.com,"2018-08-22 23:08:13, 2018-08-22 22:59:48, 2018-08-22 23:08:39, 2018-08-22 23:08:13, 2018-08-22 23:00:12"
55267,cobaje@gunal.com,"2018-08-22 23:08:39, 2018-08-22 22:59:48, 2018-08-22 23:08:39, 2018-08-22 23:08:13, 2018-08-22 23:00:12"
55267,fugoce@mijoz.org,
55267,zawile@pidoc.net,
55267,comote@sutev.org,
55267,wofoju@vifut.org,
55267,bexaqo@cubot.com,
55267,rimesa@bakap.org,
55267,sovama@rosoq.com,"2018-08-25 02:19:33, 2018-08-25 02:24:22, 2018-08-25 02:19:33"
55267,sovama@rosoq.com,"2018-08-25 02:24:22, 2018-08-25 02:24:22, 2018-08-25 02:19:33"
55267,galuta@sogop.com,"2018-08-25 07:48:57, 2018-08-25 07:48:57, 2018-08-25 07:51:39, 2018-08-25 07:52:46, 2018-08-25 07:52:21"
55267,galuta@sogop.com,"2018-08-25 07:51:39, 2018-08-25 07:48:57, 2018-08-25 07:51:39, 2018-08-25 07:52:46, 2018-08-25 07:52:21"
55267,galuta@sogop.com,"2018-08-25 07:52:21, 2018-08-25 07:48:57, 2018-08-25 07:51:39, 2018-08-25 07:52:46, 2018-08-25 07:52:21"
55267,galuta@sogop.com,"2018-08-25 07:52:46, 2018-08-25 07:48:57, 2018-08-25 07:51:39, 2018-08-25 07:52:46, 2018-08-25 07:52:21"
55267,duboco@vures.com,
55267,bolika@xofok.org,
55267,comija@pucaq.com,
55267,hujiqi@datoh.net,
55267,runanu@tataf.net,
55267,wawoku@redut.org,
55267,lonaxa@rajih.net,
55267,cezubu@mamuh.net,
55267,temaxa@tumeg.net,
55267,gudigo@kewiv.com,
55267,witiyo@josur.net,
55267,hexezu@tavax.com,
55267,nivuxu@ragex.net,
55267,funojo@jadud.net,
55267,lukiki@zudav.com,"2018-08-20 23:31:34, 2018-08-20 23:31:34, 2018-08-29 08:28:34, 2018-08-29 13:16:08, 2018-08-30 12:00:27"
55267,fupuzo@retur.com,
55267,habuso@sumiq.net,
55267,jinole@kanup.net,
55267,paluco@harag.org,
55267,kolizu@doyuj.com,
55267,xodego@liyis.org,
55267,vequya@pasaz.org,"2018-08-21 23:34:46, 2018-08-21 23:34:46, 2018-08-23 20:04:41, 2018-08-25 00:33:52, 2018-08-22 17:06:56, 2018-08-31 09:13:23, 2018-09-01 09:47:17, 2018-08-28 16:06:05"
55267,vequya@pasaz.org,"2018-08-22 17:06:56, 2018-08-21 23:34:46, 2018-08-23 20:04:41, 2018-08-25 00:33:52, 2018-08-22 17:06:56, 2018-08-31 09:13:23, 2018-09-01 09:47:17, 2018-08-28 16:06:05"
55267,vequya@pasaz.org,"2018-08-23 20:04:41, 2018-08-21 23:34:46, 2018-08-23 20:04:41, 2018-08-25 00:33:52, 2018-08-22 17:06:56, 2018-08-31 09:13:23, 2018-09-01 09:47:17, 2018-08-28 16:06:05"
55267,vequya@pasaz.org,"2018-08-25 00:33:52, 2018-08-21 23:34:46, 2018-08-23 20:04:41, 2018-08-25 00:33:52, 2018-08-22 17:06:56, 2018-08-31 09:13:23, 2018-09-01 09:47:17, 2018-08-28 16:06:05"
55267,rejuyu@votoc.net,
55267,hamede@topoj.com,
55267,cugita@mixak.net,"2018-08-24 07:44:08, 2018-08-24 07:44:08"
55267,tukaci@kediv.net,"2018-08-25 07:16:14, 2018-08-25 07:16:14, 2018-08-25 07:19:18"
55267,tukaci@kediv.net,"2018-08-25 07:19:18, 2018-08-25 07:16:14, 2018-08-25 07:19:18"
55267,pejehe@vixoz.org,"2018-08-24 12:53:12, 2018-08-25 16:08:26, 2018-08-25 07:30:31, 2018-08-24 12:53:12"
55267,pejehe@vixoz.org,"2018-08-25 07:30:31, 2018-08-25 16:08:26, 2018-08-25 07:30:31, 2018-08-24 12:53:12"
55267,pejehe@vixoz.org,"2018-08-25 16:08:26, 2018-08-25 16:08:26, 2018-08-25 07:30:31, 2018-08-24 12:53:12"
55267,kulica@suyul.net,
55267,tusuhe@dohuk.net,
55267,hokuke@zosez.org,
55267,zosuzo@bupeg.net,
55267,qojigo@tahac.com,
55267,bofabi@fixir.com,
55267,goteti@muxey.net,
55267,tinuxa@wexur.org,
55267,xesoca@letoz.net,
55267,yiguga@jelep.org,
55267,yehixe@xabor.net,
55267,jadito@yuzal.com,"2018-08-24 19:19:06, 2018-08-24 19:19:06, 2018-08-24 19:20:40, 2018-08-24 19:21:03, 2018-08-24 19:24:57"
55267,jadito@yuzal.com,"2018-08-24 19:20:40, 2018-08-24 19:19:06, 2018-08-24 19:20:40, 2018-08-24 19:21:03, 2018-08-24 19:24:57"
55267,jadito@yuzal.com,"2018-08-24 19:21:03, 2018-08-24 19:19:06, 2018-08-24 19:20:40, 2018-08-24 19:21:03, 2018-08-24 19:24:57"
55267,jadito@yuzal.com,"2018-08-24 19:24:57, 2018-08-24 19:19:06, 2018-08-24 19:20:40, 2018-08-24 19:21:03, 2018-08-24 19:24:57"
55267,nikovi@rewax.com,
55267,suyane@junub.org,
55267,judaju@tedaf.net,"2018-08-21 19:32:34, 2018-08-21 19:32:34"
55267,ruqucu@lecuc.net,
55267,lotafu@hifag.com,
55267,fokage@diyod.org,
55267,cepini@celoy.com,
55267,fewojo@cibiz.net,
55267,xoqacu@suvaj.org,
55267,lotoqu@cavit.net,
55267,qedena@kugux.org,
55267,yepisi@wunez.com,
55267,zewolo@sacih.org,"2018-08-23 03:34:33, 2018-08-23 03:34:33"
55267,kideyo@cohug.com,
55267,tiqegu@veciv.org,
55267,pojuka@zojor.net,
55267,nezoto@kufiz.net,
55267,robuwe@salar.org,
55267,ribode@fatuj.org,
55267,yojita@sayul.net,
55267,jagiva@gemif.net,
55267,wubeve@buxah.net,
55267,mamile@vadup.org,
55267,yaxope@gequw.org,
55267,wacuki@gevof.com,
55267,mapeki@gatow.net,
55267,yewowi@tonol.com,"2018-08-22 10:56:04, 2018-08-22 10:56:04"
55267,riqopi@tekoq.org,
55267,xipira@zaguw.com,
55267,kevuye@zedaj.org,
55267,banoci@veneh.org,
55267,himiya@redap.net,
55267,cenita@vugad.org,
55267,rihojo@qoqim.net,
55267,mohapi@fafih.net,"2018-08-23 07:59:16, 2018-08-25 11:26:55, 2018-08-23 07:59:16"
55267,mohapi@fafih.net,"2018-08-25 11:26:55, 2018-08-25 11:26:55, 2018-08-23 07:59:16"
55267,garode@kunus.net,
55267,mabura@wipow.org,
55267,fefidu@sebum.org,
55267,toquyu@gufib.org,
55267,soqade@mejup.org,
55267,sikusu@siyor.net,
55267,cusuwi@rawaw.com,"2018-08-21 11:32:03, 2018-08-21 11:32:03, 2018-08-21 11:33:07, 2018-08-21 11:33:57, 2018-08-21 11:35:28"
55267,cusuwi@rawaw.com,"2018-08-21 11:33:07, 2018-08-21 11:32:03, 2018-08-21 11:33:07, 2018-08-21 11:33:57, 2018-08-21 11:35:28"
55267,cusuwi@rawaw.com,"2018-08-21 11:33:57, 2018-08-21 11:32:03, 2018-08-21 11:33:07, 2018-08-21 11:33:57, 2018-08-21 11:35:28"
55267,cusuwi@rawaw.com,"2018-08-21 11:35:28, 2018-08-21 11:32:03, 2018-08-21 11:33:07, 2018-08-21 11:33:57, 2018-08-21 11:35:28"
55267,rewoda@yirub.net,
55267,bejalo@befet.net,
55267,luzehu@dohon.net,"2018-08-24 03:37:30, 2018-08-24 03:37:30, 2018-08-24 03:39:43"
55267,luzehu@dohon.net,"2018-08-24 03:39:43, 2018-08-24 03:37:30, 2018-08-24 03:39:43"
55267,pilevi@lihit.com,
55267,tazugu@vebuz.org,
55267,kihove@pipah.com,
55267,bufoje@gezed.org,
55267,baguba@pevam.org,
55267,wihotu@mopop.net,
55267,cataje@quhab.org,
55267,woxuti@daral.com,"2018-08-23 08:41:19, 2018-08-23 08:41:19"
55267,jeyome@lodoz.org,"2018-08-24 17:03:30, 2018-08-24 17:03:30, 2018-08-24 17:12:15, 2018-08-24 17:08:15, 2018-08-24 17:08:59"
55267,jeyome@lodoz.org,"2018-08-24 17:08:15, 2018-08-24 17:03:30, 2018-08-24 17:12:15, 2018-08-24 17:08:15, 2018-08-24 17:08:59"
55267,jeyome@lodoz.org,"2018-08-24 17:08:59, 2018-08-24 17:03:30, 2018-08-24 17:12:15, 2018-08-24 17:08:15, 2018-08-24 17:08:59"
55267,jeyome@lodoz.org,"2018-08-24 17:12:15, 2018-08-24 17:03:30, 2018-08-24 17:12:15, 2018-08-24 17:08:15, 2018-08-24 17:08:59"
55267,fuhasu@nowec.org,
55267,mesoku@lataz.com,"2018-08-23 22:10:15, 2018-08-23 22:10:15, 2018-08-23 22:11:48, 2018-08-23 22:15:21, 2018-08-23 22:10:16"
55267,mesoku@lataz.com,"2018-08-23 22:10:16, 2018-08-23 22:10:15, 2018-08-23 22:11:48, 2018-08-23 22:15:21, 2018-08-23 22:10:16"
55267,mesoku@lataz.com,"2018-08-23 22:11:48, 2018-08-23 22:10:15, 2018-08-23 22:11:48, 2018-08-23 22:15:21, 2018-08-23 22:10:16"
55267,mesoku@lataz.com,"2018-08-23 22:15:21, 2018-08-23 22:10:15, 2018-08-23 22:11:48, 2018-08-23 22:15:21, 2018-08-23 22:10:16"
55267,gicuzu@juxiy.com,
55267,cakojo@zaheh.com,
55267,bibuca@qemez.com,
55267,humati@resoq.com,"2018-08-21 04:37:03, 2018-08-21 04:37:54, 2018-08-21 04:37:03"
55267,humati@resoq.com,"2018-08-21 04:37:54, 2018-08-21 04:37:54, 2018-08-21 04:37:03"
55267,zulani@yugad.org,"2018-08-22 01:57:37, 2018-08-22 02:00:54, 2018-08-22 02:02:03, 2018-08-22 01:57:37"
55267,zulani@yugad.org,"2018-08-22 02:00:54, 2018-08-22 02:00:54, 2018-08-22 02:02:03, 2018-08-22 01:57:37"
55267,zulani@yugad.org,"2018-08-22 02:02:03, 2018-08-22 02:00:54, 2018-08-22 02:02:03, 2018-08-22 01:57:37"
55267,yihevu@zomeq.com,
55267,penipo@yatak.com,"2018-08-23 20:24:47, 2018-08-25 00:19:09, 2018-08-23 20:24:47"
55267,penipo@yatak.com,"2018-08-25 00:19:09, 2018-08-25 00:19:09, 2018-08-23 20:24:47"
55267,latiwi@payah.com,
55267,fukuxe@pijen.org,"2018-08-21 15:37:09, 2018-08-21 15:37:09, 2018-08-21 15:39:08"
55267,fukuxe@pijen.org,"2018-08-21 15:39:08, 2018-08-21 15:37:09, 2018-08-21 15:39:08"
55267,lezeme@nizox.com,
55267,naheze@fezew.com,
55267,teloye@dofob.com,
55267,tusaju@defod.org,
55267,wadufo@qeqev.org,
55267,mayope@huzuy.com,
55267,qikelu@lezud.com,
55267,reworu@kukir.org,"2018-08-21 12:19:51, 2018-08-21 12:20:44, 2018-08-21 12:20:05, 2018-08-21 12:19:51"
55267,reworu@kukir.org,"2018-08-21 12:20:05, 2018-08-21 12:20:44, 2018-08-21 12:20:05, 2018-08-21 12:19:51"
55267,reworu@kukir.org,"2018-08-21 12:20:44, 2018-08-21 12:20:44, 2018-08-21 12:20:05, 2018-08-21 12:19:51"
55267,nowega@nusaw.org,
55267,molafe@rikil.net,
55267,jonomi@jupih.com,
55267,zukesu@dozit.org,
55267,toyova@dowij.com,
55267,serevu@mugir.org,"2018-08-21 19:31:43, 2018-08-21 19:31:43, 2018-08-25 16:40:51"
55267,serevu@mugir.org,"2018-08-25 16:40:51, 2018-08-21 19:31:43, 2018-08-25 16:40:51"
55267,kucoru@jejet.com,
55267,tobose@mafay.net,
55267,vidusi@sexaf.org,"2018-08-20 23:50:11, 2018-08-25 06:31:58, 2018-08-20 23:50:11"
55267,vidusi@sexaf.org,"2018-08-25 06:31:58, 2018-08-25 06:31:58, 2018-08-20 23:50:11"
55267,qoguqu@gibow.org,
55267,varero@gocip.org,
55267,joqiqu@videp.net,
55267,cidiha@ladiz.org,
55267,xokeko@kaxux.net,"2018-08-22 17:35:56, 2018-08-22 17:35:56, 2018-08-22 17:39:56, 2018-08-22 17:37:08, 2018-09-01 15:47:43, 2018-08-29 04:54:48"
55267,xokeko@kaxux.net,"2018-08-22 17:37:08, 2018-08-22 17:35:56, 2018-08-22 17:39:56, 2018-08-22 17:37:08, 2018-09-01 15:47:43, 2018-08-29 04:54:48"
55267,xokeko@kaxux.net,"2018-08-22 17:39:56, 2018-08-22 17:35:56, 2018-08-22 17:39:56, 2018-08-22 17:37:08, 2018-09-01 15:47:43, 2018-08-29 04:54:48"
55267,daraha@levew.org,
55267,belika@nulas.org,
55267,nasele@wupec.com,
55267,diboki@tazog.com,
55267,wifiji@nemat.com,
55267,diwexo@xepas.net,
55267,jakebi@guqiv.com,
55267,howezi@piyoq.net,
55267,wohaxi@zalug.org,
55267,mejaha@dijic.org,
55267,woxoqo@noxip.org,
55267,lovara@dasaq.com,
55267,fumohe@dixew.org,"2018-08-21 22:34:12, 2018-08-21 22:36:41, 2018-08-21 22:34:12"
55267,fumohe@dixew.org,"2018-08-21 22:36:41, 2018-08-21 22:36:41, 2018-08-21 22:34:12"
55267,qufoze@volog.net,"2018-08-24 19:17:59, 2018-08-24 19:17:59, 2018-08-24 19:24:55, 2018-08-24 19:18:18, 2018-08-24 19:22:41"
55267,qufoze@volog.net,"2018-08-24 19:18:18, 2018-08-24 19:17:59, 2018-08-24 19:24:55, 2018-08-24 19:18:18, 2018-08-24 19:22:41"
55267,qufoze@volog.net,"2018-08-24 19:22:41, 2018-08-24 19:17:59, 2018-08-24 19:24:55, 2018-08-24 19:18:18, 2018-08-24 19:22:41"
55267,qufoze@volog.net,"2018-08-24 19:24:55, 2018-08-24 19:17:59, 2018-08-24 19:24:55, 2018-08-24 19:18:18, 2018-08-24 19:22:41"
55267,neyudi@daces.com,
55267,nomoto@vigow.org,
55267,gohoqo@lahuj.net,
55267,qepiqo@jucip.net,
55267,faruci@kewef.org,
55267,yayofi@yuteg.org,
55267,sumulo@pazej.net,"2018-08-22 03:03:08, 2018-08-22 03:03:08"
55267,verepe@vocaz.org,
55267,kineyi@sucid.com,
55267,xabobu@pumut.net,
55267,hoyito@vihis.org,"2018-08-23 00:46:13, 2018-08-23 00:46:13, 2018-08-23 00:47:56, 2018-08-23 00:52:07, 2018-08-23 00:53:48"
55267,hoyito@vihis.org,"2018-08-23 00:47:56, 2018-08-23 00:46:13, 2018-08-23 00:47:56, 2018-08-23 00:52:07, 2018-08-23 00:53:48"
55267,hoyito@vihis.org,"2018-08-23 00:52:07, 2018-08-23 00:46:13, 2018-08-23 00:47:56, 2018-08-23 00:52:07, 2018-08-23 00:53:48"
55267,hoyito@vihis.org,"2018-08-23 00:53:48, 2018-08-23 00:46:13, 2018-08-23 00:47:56, 2018-08-23 00:52:07, 2018-08-23 00:53:48"
55267,xapuva@cagan.com,
55267,rariku@cafoz.net,
55267,qusape@fopod.org,"2018-08-23 14:01:56, 2018-08-23 14:01:56, 2018-08-29 01:44:03, 2018-08-29 18:40:03, 2018-09-01 03:13:15, 2018-08-31 17:05:21"
55267,gafuwe@mikos.org,
55267,kejovo@jawif.com,
55267,minome@fumer.net,
55267,higako@tonuf.net,
55267,xaxiba@lohun.org,"2018-08-23 10:47:36, 2018-08-23 10:47:36"
55267,repote@vecoj.org,
55267,xeviqu@loqit.org,
55267,jojeha@vawop.net,"2018-08-22 22:51:43, 2018-08-22 22:51:43"
55267,lufebi@vizuh.org,
55267,yedawa@rigir.net,
55267,hetejo@hacun.org,
55267,wajexi@tazax.com,
55267,bukaqa@paguh.net,
55267,zuboro@qomad.org,
55267,kajehu@masus.net,
55267,riniqo@dufoq.org,
55267,xulume@fejox.net,
55267,bokubo@cudig.org,
55267,tuzula@witot.net,
55267,fexexi@qugol.net,"2018-08-22 12:44:28, 2018-08-22 12:44:28"
55267,rehiho@poyir.net,
55267,xaxura@nezup.org,
55267,qiyixa@tibif.com,
55267,huqoku@vamap.net,
55267,jakali@vahoj.com,
55267,fuloha@juhiy.org,
55267,kebazu@hoyag.com,
55267,wuqogo@kirir.org,
55267,polabe@mirow.net,
55267,pajepe@miyuj.net,"2018-08-24 21:55:17, 2018-08-24 21:57:46, 2018-08-24 22:03:47, 2018-08-24 21:59:31, 2018-08-24 21:55:17"
55267,pajepe@miyuj.net,"2018-08-24 21:57:46, 2018-08-24 21:57:46, 2018-08-24 22:03:47, 2018-08-24 21:59:31, 2018-08-24 21:55:17"
55267,pajepe@miyuj.net,"2018-08-24 21:59:31, 2018-08-24 21:57:46, 2018-08-24 22:03:47, 2018-08-24 21:59:31, 2018-08-24 21:55:17"
55267,pajepe@miyuj.net,"2018-08-24 22:03:47, 2018-08-24 21:57:46, 2018-08-24 22:03:47, 2018-08-24 21:59:31, 2018-08-24 21:55:17"
55267,sojisa@detuy.com,
55267,cofezi@rawuk.org,
55267,biwuwu@yiyup.net,
55267,xopaso@fufov.net,
55267,caciso@rovel.com,
55267,setosi@duley.com,
55267,qevuha@vigod.org,
55267,yogufe@qifox.org,
55267,doqoci@pegow.net,
55267,xonaho@nasem.org,
55267,venaze@mogaf.com,
55267,humeyi@velif.net,
55267,tatixo@sewub.com,"2018-08-20 21:20:50, 2018-08-20 21:20:50, 2018-08-20 21:24:02"
55267,tatixo@sewub.com,"2018-08-20 21:24:02, 2018-08-20 21:20:50, 2018-08-20 21:24:02"
55267,soloni@yejok.com,
55267,wayike@docax.org,
55267,xebeki@patos.net,
55267,ficafi@nujur.net,
55267,xesadi@curac.org,
55267,memaja@zakuy.com,
55267,sovafi@pahub.net,"2018-08-22 09:33:02, 2018-08-22 09:33:44, 2018-08-22 09:33:02"
55267,sovafi@pahub.net,"2018-08-22 09:33:44, 2018-08-22 09:33:44, 2018-08-22 09:33:02"
55267,qisetu@lufem.net,
55267,kobesa@mosib.com,
55267,kagije@tatow.org,
55267,rizuja@kinic.com,"2018-08-25 01:04:17, 2018-08-25 01:04:17"
55267,qajoni@yifiy.net,
55267,xorati@vegat.org,
55267,yawohi@ralif.com,
55267,dodaye@capen.net,
55267,huyube@sayuw.org,
55267,nareqa@deweh.com,
55267,baceyo@fisut.com,
55267,qugege@kuyeg.com,
55267,ruxada@qanad.net,
55267,keyole@hazuw.com,"2018-08-21 19:17:43, 2018-08-21 19:22:13, 2018-08-21 19:18:06, 2018-08-21 19:17:43, 2018-08-21 19:21:02"
55267,keyole@hazuw.com,"2018-08-21 19:18:06, 2018-08-21 19:22:13, 2018-08-21 19:18:06, 2018-08-21 19:17:43, 2018-08-21 19:21:02"
55267,keyole@hazuw.com,"2018-08-21 19:21:02, 2018-08-21 19:22:13, 2018-08-21 19:18:06, 2018-08-21 19:17:43, 2018-08-21 19:21:02"
55267,keyole@hazuw.com,"2018-08-21 19:22:13, 2018-08-21 19:22:13, 2018-08-21 19:18:06, 2018-08-21 19:17:43, 2018-08-21 19:21:02"
55267,tuvawa@buxim.net,
55267,tevaqu@xalow.com,
55267,wafuba@kifoz.com,
55267,qezipe@gijes.org,"2018-08-21 10:53:09, 2018-08-21 10:53:09, 2018-08-23 03:32:05"
55267,qezipe@gijes.org,"2018-08-23 03:32:05, 2018-08-21 10:53:09, 2018-08-23 03:32:05"
55267,dobili@dutim.org,
55267,culohu@xiteg.com,
55267,revoro@zariq.org,
55267,hukiyu@zaqah.net,
55267,mafafa@letej.com,
55267,didoco@katur.com,
55267,yaxoza@qigej.com,
55267,rerubo@kodef.org,"2018-08-21 20:19:16, 2018-08-23 14:36:49, 2018-08-21 20:19:16, 2018-08-23 15:35:23"
55267,rerubo@kodef.org,"2018-08-23 14:36:49, 2018-08-23 14:36:49, 2018-08-21 20:19:16, 2018-08-23 15:35:23"
55267,rerubo@kodef.org,"2018-08-23 15:35:23, 2018-08-23 14:36:49, 2018-08-21 20:19:16, 2018-08-23 15:35:23"
55267,komeha@yijur.com,
55267,kedonu@qusos.org,
55267,naceni@yucug.com,"2018-08-24 15:37:27, 2018-08-24 15:43:13, 2018-08-24 15:37:27, 2018-08-24 15:41:16, 2018-08-24 15:45:48, 2018-08-29 22:48:40, 2018-08-30 04:11:58, 2018-08-30 13:37:56"
55267,naceni@yucug.com,"2018-08-24 15:41:16, 2018-08-24 15:43:13, 2018-08-24 15:37:27, 2018-08-24 15:41:16, 2018-08-24 15:45:48, 2018-08-29 22:48:40, 2018-08-30 04:11:58, 2018-08-30 13:37:56"
55267,naceni@yucug.com,"2018-08-24 15:43:13, 2018-08-24 15:43:13, 2018-08-24 15:37:27, 2018-08-24 15:41:16, 2018-08-24 15:45:48, 2018-08-29 22:48:40, 2018-08-30 04:11:58, 2018-08-30 13:37:56"
55267,naceni@yucug.com,"2018-08-24 15:45:48, 2018-08-24 15:43:13, 2018-08-24 15:37:27, 2018-08-24 15:41:16, 2018-08-24 15:45:48, 2018-08-29 22:48:40, 2018-08-30 04:11:58, 2018-08-30 13:37:56"
55267,giseku@zegev.com,
55267,tumujo@bikuk.org,
55267,qexoya@hapel.org,
55267,galipu@pimer.com,
55267,lecalu@fohoy.com,
55267,yevijo@xidid.org,
55267,gikira@lecep.net,"2018-08-21 06:01:36, 2018-08-25 03:47:51, 2018-08-24 09:09:21, 2018-08-21 06:01:36, 2018-08-22 16:15:12"
55267,gikira@lecep.net,"2018-08-22 16:15:12, 2018-08-25 03:47:51, 2018-08-24 09:09:21, 2018-08-21 06:01:36, 2018-08-22 16:15:12"
55267,gikira@lecep.net,"2018-08-24 09:09:21, 2018-08-25 03:47:51, 2018-08-24 09:09:21, 2018-08-21 06:01:36, 2018-08-22 16:15:12"
55267,gikira@lecep.net,"2018-08-25 03:47:51, 2018-08-25 03:47:51, 2018-08-24 09:09:21, 2018-08-21 06:01:36, 2018-08-22 16:15:12"
55267,zojoxa@mifuy.net,
84042,vozuxe@pedek.com,
84042,dawahi@fobap.org,
84042,dimato@hadif.net,"2018-08-24 19:58:27, 2018-08-24 19:58:27, 2018-08-24 19:58:29, 2018-08-24 20:00:41"
84042,dimato@hadif.net,"2018-08-24 19:58:29, 2018-08-24 19:58:27, 2018-08-24 19:58:29, 2018-08-24 20:00:41"
84042,dimato@hadif.net,"2018-08-24 20:00:41, 2018-08-24 19:58:27, 2018-08-24 19:58:29, 2018-08-24 20:00:41"
84042,gutuxe@riliq.com,
84042,qejeso@neyaz.org,
84042,tasiso@heqey.com,
84042,nuqece@yuyus.com,
84042,sebetu@tigam.org,
84042,qufuja@kagam.org,
84042,vesuwi@koreh.org,
84042,joziqa@rehob.com,
84042,puvijo@cayof.org,
84042,sidone@veged.com,
84042,pojuvu@tumeb.org,
84042,rinara@wugih.com,
84042,sadufu@qiwig.org,
84042,gutiru@xojom.net,
84042,qutote@teroj.com,
84042,xexowa@cefim.org,
84042,joniri@qazib.com,
84042,liwinu@gimam.com,
84042,xixole@lecok.org,
84042,cunego@ciwod.com,
84042,gizoco@forut.org,
84042,qopeqo@nilad.com,"2018-08-23 00:45:59, 2018-08-23 00:54:28, 2018-08-23 00:45:59, 2018-08-23 00:53:16, 2018-08-23 00:47:51"
84042,qopeqo@nilad.com,"2018-08-23 00:47:51, 2018-08-23 00:54:28, 2018-08-23 00:45:59, 2018-08-23 00:53:16, 2018-08-23 00:47:51"
84042,qopeqo@nilad.com,"2018-08-23 00:53:16, 2018-08-23 00:54:28, 2018-08-23 00:45:59, 2018-08-23 00:53:16, 2018-08-23 00:47:51"
84042,qopeqo@nilad.com,"2018-08-23 00:54:28, 2018-08-23 00:54:28, 2018-08-23 00:45:59, 2018-08-23 00:53:16, 2018-08-23 00:47:51"
84042,nuwuyo@quqef.com,
84042,qixeki@qohos.net,
84042,doqifu@piles.com,"2018-08-25 02:46:07, 2018-08-25 02:46:07, 2018-08-25 02:46:33"
84042,doqifu@piles.com,"2018-08-25 02:46:33, 2018-08-25 02:46:07, 2018-08-25 02:46:33"
84042,gazigu@detig.com,
84042,sovezi@dizow.com,"2018-08-25 13:32:02, 2018-08-25 13:38:06, 2018-08-25 13:32:02, 2018-08-25 13:36:56, 2018-08-25 13:35:36"
84042,sovezi@dizow.com,"2018-08-25 13:35:36, 2018-08-25 13:38:06, 2018-08-25 13:32:02, 2018-08-25 13:36:56, 2018-08-25 13:35:36"
84042,sovezi@dizow.com,"2018-08-25 13:36:56, 2018-08-25 13:38:06, 2018-08-25 13:32:02, 2018-08-25 13:36:56, 2018-08-25 13:35:36"
84042,sovezi@dizow.com,"2018-08-25 13:38:06, 2018-08-25 13:38:06, 2018-08-25 13:32:02, 2018-08-25 13:36:56, 2018-08-25 13:35:36"
84042,betade@kiwon.com,
84042,vigobo@lozik.org,"2018-08-20 22:29:31, 2018-08-24 10:53:13, 2018-08-20 22:29:31, 2018-08-22 08:53:43, 2018-08-24 04:07:34"
84042,vigobo@lozik.org,"2018-08-22 08:53:43, 2018-08-24 10:53:13, 2018-08-20 22:29:31, 2018-08-22 08:53:43, 2018-08-24 04:07:34"
84042,vigobo@lozik.org,"2018-08-24 04:07:34, 2018-08-24 10:53:13, 2018-08-20 22:29:31, 2018-08-22 08:53:43, 2018-08-24 04:07:34"
84042,vigobo@lozik.org,"2018-08-24 10:53:13, 2018-08-24 10:53:13, 2018-08-20 22:29:31, 2018-08-22 08:53:43, 2018-08-24 04:07:34"
84042,yosehu@gehuf.org,"2018-08-22 14:01:39, 2018-08-22 14:03:57, 2018-08-22 14:01:39, 2018-08-22 14:03:00"
84042,yosehu@gehuf.org,"2018-08-22 14:03:00, 2018-08-22 14:03:57, 2018-08-22 14:01:39, 2018-08-22 14:03:00"
84042,yosehu@gehuf.org,"2018-08-22 14:03:57, 2018-08-22 14:03:57, 2018-08-22 14:01:39, 2018-08-22 14:03:00"
84042,mazuce@zudok.org,
84042,pafesa@melaq.com,
84042,mudezi@ruroc.com,
84042,xocinu@jolip.com,
84042,camedi@keyoq.com,"2018-08-21 01:40:40, 2018-08-23 01:15:03, 2018-08-22 18:43:09, 2018-08-21 01:40:40"
84042,camedi@keyoq.com,"2018-08-22 18:43:09, 2018-08-23 01:15:03, 2018-08-22 18:43:09, 2018-08-21 01:40:40"
84042,camedi@keyoq.com,"2018-08-23 01:15:03, 2018-08-23 01:15:03, 2018-08-22 18:43:09, 2018-08-21 01:40:40"
84042,linaca@kajit.net,
84042,qujobe@vebeq.com,
84042,sofuzo@dodoj.com,
84042,nivuni@rijif.com,
84042,qoyawe@luhec.org,
84042,cogita@qijak.org,
84042,mikafu@budaq.com,
84042,finiva@sotux.net,
84042,lesewo@sebac.com,
84042,pufore@fumow.com,
84042,kokebe@rozoy.org,
84042,qumaze@gaqoq.net,
84042,yucure@wohem.com,
84042,huribe@xihak.org,
84042,zuwiva@lupot.com,
84042,viquci@ziciy.net,"2018-08-22 16:16:50, 2018-08-22 16:16:50, 2018-08-22 16:21:02"
84042,viquci@ziciy.net,"2018-08-22 16:21:02, 2018-08-22 16:16:50, 2018-08-22 16:21:02"
84042,soqada@mugeh.org,
84042,puliba@juwuk.net,
84042,pajave@veqeg.org,"2018-08-25 08:17:55, 2018-08-25 08:17:55, 2018-08-25 08:22:30"
84042,pajave@veqeg.org,"2018-08-25 08:22:30, 2018-08-25 08:17:55, 2018-08-25 08:22:30"
84042,deresi@puheq.org,
84042,vosiwi@zevak.org,
84042,lovari@wowov.org,"2018-08-22 20:46:03, 2018-08-23 14:37:35, 2018-08-22 20:46:03"
84042,lovari@wowov.org,"2018-08-23 14:37:35, 2018-08-23 14:37:35, 2018-08-22 20:46:03"
84042,vitaso@tohac.com,
84042,fizupo@tunim.com,
84042,vucoyo@besul.org,
84042,yitexo@tivuw.org,
84042,zewita@megug.org,
84042,mozini@bixud.net,
84042,daqabo@xipiq.net,
84042,numowu@razob.com,
84042,wixenu@tatuz.net,
84042,peqiqi@vukoh.com,
84042,loxoxi@qalur.com,
84042,nuhoce@qazaz.com,
84042,qilise@xidit.net,
84042,wejehe@xevox.org,"2018-08-23 13:28:19, 2018-08-23 13:36:50, 2018-08-23 13:28:19, 2018-08-23 13:30:33, 2018-08-23 13:36:59"
84042,wejehe@xevox.org,"2018-08-23 13:30:33, 2018-08-23 13:36:50, 2018-08-23 13:28:19, 2018-08-23 13:30:33, 2018-08-23 13:36:59"
84042,wejehe@xevox.org,"2018-08-23 13:36:50, 2018-08-23 13:36:50, 2018-08-23 13:28:19, 2018-08-23 13:30:33, 2018-08-23 13:36:59"
84042,wejehe@xevox.org,"2018-08-23 13:36:59, 2018-08-23 13:36:50, 2018-08-23 13:28:19, 2018-08-23 13:30:33, 2018-08-23 13:36:59"
84042,buxuyi@qihid.org,
84042,ragaqu@rafir.net,
84042,qecuho@lodux.net,
84042,bujowa@gobun.org,
84042,sebuvo@jujow.org,
84042,gigeyo@burey.org,"2018-08-24 16:20:33, 2018-08-24 16:20:33, 2018-08-25 11:54:39"
84042,gigeyo@burey.org,"2018-08-25 11:54:39, 2018-08-24 16:20:33, 2018-08-25 11:54:39"
84042,yawopu@heqiv.org,
84042,fuyafo@zecah.net,"2018-08-25 13:17:15, 2018-08-25 13:19:34, 2018-08-25 13:20:58, 2018-08-25 13:17:15"
84042,fuyafo@zecah.net,"2018-08-25 13:19:34, 2018-08-25 13:19:34, 2018-08-25 13:20:58, 2018-08-25 13:17:15"
84042,fuyafo@zecah.net,"2018-08-25 13:20:58, 2018-08-25 13:19:34, 2018-08-25 13:20:58, 2018-08-25 13:17:15"
84042,voyeje@qurig.net,
84042,cikulo@bonev.com,
84042,ribuca@linil.net,
84042,cuhaga@yuheg.com,
84042,fuwojo@geguz.net,
84042,wabamu@xawuj.com,
84042,deqewo@vavep.net,
84042,yujasi@fusej.net,
84042,zufado@sogab.com,"2018-08-25 04:15:45, 2018-08-25 04:15:45"
84042,wolaho@firav.net,
84042,zotelo@lusuj.org,
84042,tuweha@bulaz.org,
84042,vuqori@bejob.com,
84042,xetefu@nahox.com,
84042,zemuca@xewoq.net,
84042,butago@wuvad.com,
84042,cojili@cewev.org,
84042,cijicu@rataz.org,
84042,jegafo@tazif.net,
84042,toqexi@rafuw.org,
84042,yekiwo@mewem.com,
84042,yixahi@yovub.com,
84042,menoye@docem.net,
84042,gogala@niwab.net,
84042,foyuxi@yikej.com,
84042,cujege@dufob.net,
84042,layula@tatuq.com,
84042,zefahu@mosoq.net,"2018-08-22 23:49:04, 2018-08-22 23:50:02, 2018-08-22 23:51:56, 2018-08-22 23:49:04"
84042,zefahu@mosoq.net,"2018-08-22 23:50:02, 2018-08-22 23:50:02, 2018-08-22 23:51:56, 2018-08-22 23:49:04"
84042,zefahu@mosoq.net,"2018-08-22 23:51:56, 2018-08-22 23:50:02, 2018-08-22 23:51:56, 2018-08-22 23:49:04"
84042,qidovu@vihar.com,
84042,vaheye@fedap.com,
84042,levequ@vaxub.org,
84042,cipeso@yeqep.org,
84042,xuxasu@begox.net,
84042,vogoya@jawam.com,
84042,roheco@mafip.org,
84042,jalehu@mawin.com,
84042,tobuhi@zobux.org,"2018-08-24 01:52:08, 2018-08-24 01:53:08, 2018-08-24 01:52:08, 2018-08-24 01:55:23, 2018-08-24 01:55:37, 2018-08-29 15:00:23, 2018-08-29 14:16:46, 2018-08-29 04:58:00"
84042,tobuhi@zobux.org,"2018-08-24 01:53:08, 2018-08-24 01:53:08, 2018-08-24 01:52:08, 2018-08-24 01:55:23, 2018-08-24 01:55:37, 2018-08-29 15:00:23, 2018-08-29 14:16:46, 2018-08-29 04:58:00"
84042,tobuhi@zobux.org,"2018-08-24 01:55:23, 2018-08-24 01:53:08, 2018-08-24 01:52:08, 2018-08-24 01:55:23, 2018-08-24 01:55:37, 2018-08-29 15:00:23, 2018-08-29 14:16:46, 2018-08-29 04:58:00"
84042,tobuhi@zobux.org,"2018-08-24 01:55:37, 2018-08-24 01:53:08, 2018-08-24 01:52:08, 2018-08-24 01:55:23, 2018-08-24 01:55:37, 2018-08-29 15:00:23, 2018-08-29 14:16:46, 2018-08-29 04:58:00"
84042,beqoso@xulim.com,
84042,zopuve@xemiq.org,
84042,vopewe@palah.org,
84042,vutiyo@lined.com,
84042,tipusi@sibal.org,
84042,bewewe@fipoq.org,"2018-08-24 09:29:31, 2018-08-24 09:29:31"
84042,vapopo@voqew.net,"2018-08-22 05:40:58, 2018-08-22 05:40:58, 2018-08-22 05:44:49"
84042,vapopo@voqew.net,"2018-08-22 05:44:49, 2018-08-22 05:40:58, 2018-08-22 05:44:49"
84042,tacari@zilug.net,
84042,zimuqa@saveq.com,
84042,cajohu@gisiw.net,
84042,hugozu@mecup.org,"2018-08-23 19:49:36, 2018-08-23 19:53:56, 2018-08-23 19:49:36, 2018-08-23 19:53:40"
84042,hugozu@mecup.org,"2018-08-23 19:53:40, 2018-08-23 19:53:56, 2018-08-23 19:49:36, 2018-08-23 19:53:40"
84042,hugozu@mecup.org,"2018-08-23 19:53:56, 2018-08-23 19:53:56, 2018-08-23 19:49:36, 2018-08-23 19:53:40"
84042,heyise@vecab.com,
84042,segaze@yinak.net,
84042,domoka@howaz.net,
84042,cecene@huwip.org,"2018-08-21 09:35:25, 2018-08-24 09:19:56, 2018-08-24 00:14:58, 2018-08-21 09:35:25, 2018-08-25 06:56:28"
84042,cecene@huwip.org,"2018-08-24 00:14:58, 2018-08-24 09:19:56, 2018-08-24 00:14:58, 2018-08-21 09:35:25, 2018-08-25 06:56:28"
84042,cecene@huwip.org,"2018-08-24 09:19:56, 2018-08-24 09:19:56, 2018-08-24 00:14:58, 2018-08-21 09:35:25, 2018-08-25 06:56:28"
84042,cecene@huwip.org,"2018-08-25 06:56:28, 2018-08-24 09:19:56, 2018-08-24 00:14:58, 2018-08-21 09:35:25, 2018-08-25 06:56:28"
84042,voboxu@xixor.net,
84042,vixiqe@zedih.net,
84042,jeyaki@gujab.org,
84042,welilu@ratoj.org,
84042,cabavi@xedes.net,
84042,yazodo@cucer.com,
84042,kabeda@lelej.org,
84042,ticuqu@tubaz.com,
84042,cebufo@tavos.org,"2018-08-22 08:13:05, 2018-08-22 08:13:05"
84042,nevato@ridel.org,
84042,gaheze@vuhaq.com,
84042,ganewa@gewas.net,
84042,vuvume@buzeg.org,
84042,racora@lojas.net,
84042,vipoli@gegir.net,
84042,xelilu@gamob.org,
84042,vicavu@jubuf.net,
84042,nodafa@disok.org,
84042,febeta@pivah.com,
84042,begepi@lajil.net,
84042,dabote@zubeb.net,
84042,sewate@savub.com,
84042,puhula@bamep.com,
84042,qupira@fabuc.net,
84042,wulegi@jobuj.net,
84042,gizaxi@yaqit.com,
84042,xajuye@zujal.org,
84042,feciqu@noxoj.org,
84042,rugeja@jeyiv.net,
84042,gofefo@kamok.org,"2018-08-21 00:32:48, 2018-08-21 00:35:07, 2018-08-21 00:39:04, 2018-08-21 00:36:19, 2018-08-21 00:32:48, 2018-08-29 07:38:57"
84042,gofefo@kamok.org,"2018-08-21 00:35:07, 2018-08-21 00:35:07, 2018-08-21 00:39:04, 2018-08-21 00:36:19, 2018-08-21 00:32:48, 2018-08-29 07:38:57"
84042,gofefo@kamok.org,"2018-08-21 00:36:19, 2018-08-21 00:35:07, 2018-08-21 00:39:04, 2018-08-21 00:36:19, 2018-08-21 00:32:48, 2018-08-29 07:38:57"
84042,gofefo@kamok.org,"2018-08-21 00:39:04, 2018-08-21 00:35:07, 2018-08-21 00:39:04, 2018-08-21 00:36:19, 2018-08-21 00:32:48, 2018-08-29 07:38:57"
84042,denuyu@nuyav.org,"2018-08-21 00:15:47, 2018-08-24 02:21:28, 2018-08-23 04:46:14, 2018-08-21 00:15:47, 2018-08-24 19:24:31"
84042,denuyu@nuyav.org,"2018-08-23 04:46:14, 2018-08-24 02:21:28, 2018-08-23 04:46:14, 2018-08-21 00:15:47, 2018-08-24 19:24:31"
84042,denuyu@nuyav.org,"2018-08-24 02:21:28, 2018-08-24 02:21:28, 2018-08-23 04:46:14, 2018-08-21 00:15:47, 2018-08-24 19:24:31"
84042,denuyu@nuyav.org,"2018-08-24 19:24:31, 2018-08-24 02:21:28, 2018-08-23 04:46:14, 2018-08-21 00:15:47, 2018-08-24 19:24:31"
84042,buduke@tezow.net,"2018-08-23 05:33:14, 2018-08-23 05:36:31, 2018-08-23 05:33:14"
84042,buduke@tezow.net,"2018-08-23 05:36:31, 2018-08-23 05:36:31, 2018-08-23 05:33:14"
84042,vuciji@tepem.org,
84042,zuvipu@fegap.com,
84042,nozofo@nilin.org,
84042,zerale@mujan.com,
84042,puvexu@yasur.net,
84042,hitozi@vijow.net,
84042,mapaso@qabig.net,
84042,bedilu@yafot.net,
84042,pepiwu@tiram.org,"2018-08-21 21:54:20, 2018-08-21 21:54:20"
84042,dawona@qifuc.org,
84042,givopa@kucos.org,"2018-08-24 20:02:45, 2018-08-24 20:02:45, 2018-08-24 20:04:26, 2018-08-24 20:06:52, 2018-08-24 20:06:45"
84042,givopa@kucos.org,"2018-08-24 20:04:26, 2018-08-24 20:02:45, 2018-08-24 20:04:26, 2018-08-24 20:06:52, 2018-08-24 20:06:45"
84042,givopa@kucos.org,"2018-08-24 20:06:45, 2018-08-24 20:02:45, 2018-08-24 20:04:26, 2018-08-24 20:06:52, 2018-08-24 20:06:45"
84042,givopa@kucos.org,"2018-08-24 20:06:52, 2018-08-24 20:02:45, 2018-08-24 20:04:26, 2018-08-24 20:06:52, 2018-08-24 20:06:45"
84042,dayase@pawuh.org,
84042,bofiko@peyep.org,
84042,huludo@cezeg.net,
84042,rayaqi@didiv.org,"2018-08-21 07:32:21, 2018-08-21 07:38:14, 2018-08-21 07:33:52, 2018-08-21 07:32:21"
84042,rayaqi@didiv.org,"2018-08-21 07:33:52, 2018-08-21 07:38:14, 2018-08-21 07:33:52, 2018-08-21 07:32:21"
84042,rayaqi@didiv.org,"2018-08-21 07:38:14, 2018-08-21 07:38:14, 2018-08-21 07:33:52, 2018-08-21 07:32:21"
84042,rihave@webuv.org,
84042,boviru@pecok.net,
84042,dujulo@posoc.com,
84042,vuqidu@cadap.com,
84042,xuyino@vimol.com,"2018-08-24 20:57:37, 2018-08-24 20:57:37, 2018-08-24 21:03:31"
84042,xuyino@vimol.com,"2018-08-24 21:03:31, 2018-08-24 20:57:37, 2018-08-24 21:03:31"
84042,ririvo@dabax.com,
84042,nitoha@padiq.net,
84042,fomiku@tedat.com,"2018-08-21 07:34:43, 2018-08-24 09:11:21, 2018-08-21 07:34:43, 2018-08-24 18:56:25, 2018-08-24 11:15:20"
84042,fomiku@tedat.com,"2018-08-24 09:11:21, 2018-08-24 09:11:21, 2018-08-21 07:34:43, 2018-08-24 18:56:25, 2018-08-24 11:15:20"
84042,fomiku@tedat.com,"2018-08-24 11:15:20, 2018-08-24 09:11:21, 2018-08-21 07:34:43, 2018-08-24 18:56:25, 2018-08-24 11:15:20"
84042,fomiku@tedat.com,"2018-08-24 18:56:25, 2018-08-24 09:11:21, 2018-08-21 07:34:43, 2018-08-24 18:56:25, 2018-08-24 11:15:20"
84042,wihare@zafaz.net,"2018-08-23 21:15:50, 2018-08-23 21:15:50"
84042,widexu@zijob.com,"2018-08-24 02:34:23, 2018-08-24 02:34:23"
84042,cofeqa@zafuj.net,
84042,yemuji@gowey.net,
84042,matabo@jepuk.com,
84042,kimaco@voyot.org,
84042,weyoqo@sibuk.net,
84042,zinovo@tiken.org,"2018-08-25 01:18:55, 2018-08-25 01:18:55"
84042,bumaxi@vagih.com,
84042,pidiwi@kagid.com,
84042,rupexi@zawir.com,"2018-08-20 20:38:02, 2018-08-22 15:25:06, 2018-08-20 20:38:02"
84042,rupexi@zawir.com,"2018-08-22 15:25:06, 2018-08-22 15:25:06, 2018-08-20 20:38:02"
84042,wesaju@neyan.org,
84042,yodasu@mowux.com,
84042,curaxu@salum.org,"2018-08-24 06:31:17, 2018-08-24 06:31:17, 2018-08-25 02:27:39"
84042,curaxu@salum.org,"2018-08-25 02:27:39, 2018-08-24 06:31:17, 2018-08-25 02:27:39"
84042,poqove@kerav.net,
84042,rayapu@mayis.org,
84042,xodita@cobem.net,
84042,fiwate@dosip.org,
84042,cejute@zakab.com,
84042,pesipo@gapip.org,
84042,vayahi@canik.net,
84042,nakife@socuf.net,
84042,fociyo@bocun.org,
84042,ceyuju@canij.com,
84042,yadasi@kaxez.org,
84042,madanu@zeqow.com,
84042,vetivu@jedix.net,
84042,mipigi@tetaw.org,"2018-08-25 08:29:44, 2018-08-25 08:32:44, 2018-08-25 08:31:14, 2018-08-25 08:29:44, 2018-08-25 08:34:40"
84042,mipigi@tetaw.org,"2018-08-25 08:31:14, 2018-08-25 08:32:44, 2018-08-25 08:31:14, 2018-08-25 08:29:44, 2018-08-25 08:34:40"
84042,mipigi@tetaw.org,"2018-08-25 08:32:44, 2018-08-25 08:32:44, 2018-08-25 08:31:14, 2018-08-25 08:29:44, 2018-08-25 08:34:40"
84042,mipigi@tetaw.org,"2018-08-25 08:34:40, 2018-08-25 08:32:44, 2018-08-25 08:31:14, 2018-08-25 08:29:44, 2018-08-25 08:34:40"
84042,bopize@madiz.com,
84042,bojura@kujow.net,
84042,walixu@vazob.com,
84042,dexizo@bazat.net,
84042,hulibo@kubig.org,
84042,canufi@bejax.org,
84042,kulaje@wiwuv.net,"2018-08-20 20:34:55, 2018-08-20 20:42:28, 2018-08-20 20:34:55"
84042,kulaje@wiwuv.net,"2018-08-20 20:42:28, 2018-08-20 20:42:28, 2018-08-20 20:34:55"
84042,vijugu@qiwun.org,
84042,nuleqi@wisub.net,
84042,vureya@tatev.org,
84042,cireja@yolof.com,"2018-08-23 18:11:56, 2018-08-23 18:11:56, 2018-08-23 18:13:02, 2018-08-23 18:16:56, 2018-08-23 18:19:24"
84042,cireja@yolof.com,"2018-08-23 18:13:02, 2018-08-23 18:11:56, 2018-08-23 18:13:02, 2018-08-23 18:16:56, 2018-08-23 18:19:24"
84042,cireja@yolof.com,"2018-08-23 18:16:56, 2018-08-23 18:11:56, 2018-08-23 18:13:02, 2018-08-23 18:16:56, 2018-08-23 18:19:24"
84042,cireja@yolof.com,"2018-08-23 18:19:24, 2018-08-23 18:11:56, 2018-08-23 18:13:02, 2018-08-23 18:16:56, 2018-08-23 18:19:24"
84042,qoqosi@piquv.net,
84042,pukeru@lijef.org,
84042,puvero@lujeg.com,
84042,payada@deliv.com,
84042,giqabi@qegif.net,
84042,vugoge@gulip.net,
84042,mupova@dadaw.com,
84042,hobejo@pomir.com,
84042,ruyoye@kuwek.org,
84042,kuyivi@lutag.com,
84042,zesoce@talox.net,
84042,xezote@fehiy.net,
84042,cajere@hudel.com,
84042,wafoxa@qiwem.com,
84042,cuqori@zawol.net,
84042,rakale@cufaw.net,
84042,caluhi@cikik.org,
84042,kagejo@cikoj.com,"2018-08-23 22:55:03, 2018-08-23 22:55:03, 2018-08-23 22:59:57, 2018-08-23 23:02:59"
84042,kagejo@cikoj.com,"2018-08-23 22:59:57, 2018-08-23 22:55:03, 2018-08-23 22:59:57, 2018-08-23 23:02:59"
84042,kagejo@cikoj.com,"2018-08-23 23:02:59, 2018-08-23 22:55:03, 2018-08-23 22:59:57, 2018-08-23 23:02:59"
84042,qigude@leqak.org,
84042,rarafo@teduv.org,
84042,vapizo@tebop.org,
84042,cumunu@puqab.com,
84042,rabelu@kupan.com,
84042,boxobe@gufif.com,
84042,barayu@zeyoz.com,"2018-08-21 07:41:47, 2018-08-21 07:41:47"
84042,pezojo@ruvow.org,
84042,sohenu@kesag.com,
84042,mavogo@lajaq.org,
84042,cosabo@noliy.com,
84042,luwahi@sunaq.net,
84042,dosabe@fubec.net,
84042,vimaki@depeh.org,
84042,nosewi@zojiq.org,"2018-08-20 19:51:30, 2018-08-20 19:51:30"
84042,vumemo@zonuk.com,
84042,xujaqo@cexag.com,
84042,vukawi@qunug.net,
84042,qabevi@kokad.net,
84042,tihudi@gazac.net,"2018-08-22 05:22:40, 2018-08-22 05:26:07, 2018-08-22 05:22:40, 2018-08-22 05:27:06, 2018-08-22 05:24:18"
84042,tihudi@gazac.net,"2018-08-22 05:24:18, 2018-08-22 05:26:07, 2018-08-22 05:22:40, 2018-08-22 05:27:06, 2018-08-22 05:24:18"
84042,tihudi@gazac.net,"2018-08-22 05:26:07, 2018-08-22 05:26:07, 2018-08-22 05:22:40, 2018-08-22 05:27:06, 2018-08-22 05:24:18"
84042,tihudi@gazac.net,"2018-08-22 05:27:06, 2018-08-22 05:26:07, 2018-08-22 05:22:40, 2018-08-22 05:27:06, 2018-08-22 05:24:18"
84042,yumena@kafaq.net,
84042,qopeba@puqux.org,"2018-08-20 21:15:00, 2018-08-22 19:05:04, 2018-08-24 02:42:58, 2018-08-20 21:15:00, 2018-08-24 08:04:33"
84042,qopeba@puqux.org,"2018-08-22 19:05:04, 2018-08-22 19:05:04, 2018-08-24 02:42:58, 2018-08-20 21:15:00, 2018-08-24 08:04:33"
84042,qopeba@puqux.org,"2018-08-24 02:42:58, 2018-08-22 19:05:04, 2018-08-24 02:42:58, 2018-08-20 21:15:00, 2018-08-24 08:04:33"
84042,qopeba@puqux.org,"2018-08-24 08:04:33, 2018-08-22 19:05:04, 2018-08-24 02:42:58, 2018-08-20 21:15:00, 2018-08-24 08:04:33"
84042,cuyeru@zolij.com,
84042,xevewi@saxaf.com,
84042,behari@zupor.com,
84042,liziga@wutod.org,
84042,gupawe@motov.net,"2018-08-25 10:25:35, 2018-08-25 10:25:35, 2018-08-25 10:25:54"
84042,gupawe@motov.net,"2018-08-25 10:25:54, 2018-08-25 10:25:35, 2018-08-25 10:25:54"
84042,mogewi@dotug.org,
84042,gesiva@cewoh.com,
84042,vedicu@dimoz.org,
84042,gevodi@xixil.com,
84042,kitapu@qexev.org,"2018-08-23 22:52:19, 2018-08-23 22:52:55, 2018-08-23 22:56:58, 2018-08-23 22:56:29, 2018-08-23 22:52:19"
84042,kitapu@qexev.org,"2018-08-23 22:52:55, 2018-08-23 22:52:55, 2018-08-23 22:56:58, 2018-08-23 22:56:29, 2018-08-23 22:52:19"
84042,kitapu@qexev.org,"2018-08-23 22:56:29, 2018-08-23 22:52:55, 2018-08-23 22:56:58, 2018-08-23 22:56:29, 2018-08-23 22:52:19"
84042,kitapu@qexev.org,"2018-08-23 22:56:58, 2018-08-23 22:52:55, 2018-08-23 22:56:58, 2018-08-23 22:56:29, 2018-08-23 22:52:19"
84042,buqani@kozok.net,"2018-08-21 07:26:39, 2018-08-23 14:26:02, 2018-08-21 07:26:39, 2018-08-21 19:12:22"
84042,buqani@kozok.net,"2018-08-21 19:12:22, 2018-08-23 14:26:02, 2018-08-21 07:26:39, 2018-08-21 19:12:22"
84042,buqani@kozok.net,"2018-08-23 14:26:02, 2018-08-23 14:26:02, 2018-08-21 07:26:39, 2018-08-21 19:12:22"
84042,kuqaya@mufab.com,
84042,nefuzi@wenaq.org,"2018-08-21 14:20:25, 2018-08-21 14:28:30, 2018-08-21 14:24:31, 2018-08-21 14:20:25"
84042,nefuzi@wenaq.org,"2018-08-21 14:24:31, 2018-08-21 14:28:30, 2018-08-21 14:24:31, 2018-08-21 14:20:25"
84042,nefuzi@wenaq.org,"2018-08-21 14:28:30, 2018-08-21 14:28:30, 2018-08-21 14:24:31, 2018-08-21 14:20:25"
84042,vikoge@socun.com,
84042,voyugo@karaq.org,
84042,huneza@necev.net,
84042,gozaxi@zepaw.org,
84042,jufayo@ropen.com,
84042,mosaju@hopuh.com,
84042,tipeba@hohem.net,"2018-08-23 00:28:39, 2018-08-25 10:05:05, 2018-08-23 12:37:18, 2018-08-25 10:55:43, 2018-08-23 00:28:39"
84042,tipeba@hohem.net,"2018-08-23 12:37:18, 2018-08-25 10:05:05, 2018-08-23 12:37:18, 2018-08-25 10:55:43, 2018-08-23 00:28:39"
84042,tipeba@hohem.net,"2018-08-25 10:05:05, 2018-08-25 10:05:05, 2018-08-23 12:37:18, 2018-08-25 10:55:43, 2018-08-23 00:28:39"
84042,tipeba@hohem.net,"2018-08-25 10:55:43, 2018-08-25 10:05:05, 2018-08-23 12:37:18, 2018-08-25 10:55:43, 2018-08-23 00:28:39"
84042,dazulo@perun.org,
84042,rezedi@faciv.net,
84042,jupoye@rayaj.org,"2018-08-24 21:03:38, 2018-08-24 21:03:38, 2018-08-24 21:07:20"
84042,jupoye@rayaj.org,"2018-08-24 21:07:20, 2018-08-24 21:03:38, 2018-08-24 21:07:20"
84042,yozaji@kolix.org,
84042,xafigo@lutoj.org,
84042,dohovi@holok.com,"2018-08-25 14:06:52, 2018-08-25 14:06:52, 2018-08-25 14:09:46, 2018-08-25 14:07:59"
84042,dohovi@holok.com,"2018-08-25 14:07:59, 2018-08-25 14:06:52, 2018-08-25 14:09:46, 2018-08-25 14:07:59"
84042,dohovi@holok.com,"2018-08-25 14:09:46, 2018-08-25 14:06:52, 2018-08-25 14:09:46, 2018-08-25 14:07:59"
84042,puzawe@tepam.net,
84042,nejihu@nupey.org,
84042,zoxexa@kawoc.net,
84042,yukufo@diluc.net,
84042,zazeba@pimir.org,
84042,gipuba@cezuz.org,
84042,viratu@mufun.net,"2018-08-24 21:52:12, 2018-08-24 21:52:12"
84042,juwisi@bizim.org,
84042,qorewi@mecub.org,
84042,wuyaru@domiv.org,
84042,yirazu@hujep.com,"2018-08-21 15:03:49, 2018-08-21 16:03:39, 2018-08-21 15:03:49, 2018-08-27 18:38:13, 2018-08-27 18:41:00, 2018-08-27 18:39:54"
84042,yirazu@hujep.com,"2018-08-21 16:03:39, 2018-08-21 16:03:39, 2018-08-21 15:03:49, 2018-08-27 18:38:13, 2018-08-27 18:41:00, 2018-08-27 18:39:54"
84042,dokuni@lecul.org,
84042,naluna@gocaj.net,
84042,wutuxu@xumiq.com,
84042,laguho@polec.com,
84042,pefazu@damuj.com,
84042,hesoze@puvuz.net,
84042,vujohe@rejiz.org,
84042,dumifa@dakul.org,
84042,manufi@qewan.com,
84042,gufidi@yenum.org,
84042,tehota@zepoq.com,
84042,mahono@xitib.net,
84042,pikeni@hayuc.net,
84042,donawa@beyof.com,
84042,lukewe@jigak.net,"2018-08-21 14:47:20, 2018-08-23 05:14:00, 2018-08-23 22:40:24, 2018-08-21 14:47:20, 2018-08-23 00:16:28, 2018-09-01 10:00:09, 2018-09-01 10:06:08, 2018-09-01 09:57:09"
84042,lukewe@jigak.net,"2018-08-23 00:16:28, 2018-08-23 05:14:00, 2018-08-23 22:40:24, 2018-08-21 14:47:20, 2018-08-23 00:16:28, 2018-09-01 10:00:09, 2018-09-01 10:06:08, 2018-09-01 09:57:09"
84042,lukewe@jigak.net,"2018-08-23 05:14:00, 2018-08-23 05:14:00, 2018-08-23 22:40:24, 2018-08-21 14:47:20, 2018-08-23 00:16:28, 2018-09-01 10:00:09, 2018-09-01 10:06:08, 2018-09-01 09:57:09"
84042,lukewe@jigak.net,"2018-08-23 22:40:24, 2018-08-23 05:14:00, 2018-08-23 22:40:24, 2018-08-21 14:47:20, 2018-08-23 00:16:28, 2018-09-01 10:00:09, 2018-09-01 10:06:08, 2018-09-01 09:57:09"
84042,suruvo@yavam.com,
84042,gojafe@guwop.com,
84042,qeyopu@zukah.com,
84042,jerufi@jawoq.com,
84042,yawawi@qemam.net,
84042,puwera@faduc.net,
84042,kedabo@fecig.org,
84042,facape@poyex.org,
84042,tedeye@leqez.org,
84042,qeyami@puzog.net,
84042,lefoca@tupuq.com,
84042,vigewi@dateh.net,
84042,xotehi@wevuy.com,
84042,kigepo@vuzum.com,
84042,dagumo@judef.org,
84042,ridaco@vaquw.org,
84042,rideha@likix.org,
84042,mineyu@tuqir.net,
84042,xekovu@sopat.net,
84042,nanewa@vocih.net,"2018-08-24 08:46:30, 2018-08-24 08:49:58, 2018-08-24 08:46:30, 2018-08-24 08:51:42, 2018-08-24 08:47:21"
84042,nanewa@vocih.net,"2018-08-24 08:47:21, 2018-08-24 08:49:58, 2018-08-24 08:46:30, 2018-08-24 08:51:42, 2018-08-24 08:47:21"
84042,nanewa@vocih.net,"2018-08-24 08:49:58, 2018-08-24 08:49:58, 2018-08-24 08:46:30, 2018-08-24 08:51:42, 2018-08-24 08:47:21"
84042,nanewa@vocih.net,"2018-08-24 08:51:42, 2018-08-24 08:49:58, 2018-08-24 08:46:30, 2018-08-24 08:51:42, 2018-08-24 08:47:21"
84042,wotetu@setok.com,
84042,tigimu@wolug.com,
84042,vofapo@tejih.com,
84042,hikola@nojom.org,
84042,nocidi@jefih.net,
84042,dulafe@fubix.com,
84042,teradi@xogoh.net,
84042,gimani@mekiz.org,
84042,putena@yales.com,
84042,lizequ@zanoh.com,
84042,xinadi@felon.com,"2018-08-23 04:58:51, 2018-08-23 04:58:51"
84042,gatiti@risog.net,"2018-08-22 11:31:33, 2018-08-22 11:31:33, 2018-08-22 22:23:02, 2018-08-22 14:23:09, 2018-09-01 13:46:38"
84042,gatiti@risog.net,"2018-08-22 14:23:09, 2018-08-22 11:31:33, 2018-08-22 22:23:02, 2018-08-22 14:23:09, 2018-09-01 13:46:38"
84042,gatiti@risog.net,"2018-08-22 22:23:02, 2018-08-22 11:31:33, 2018-08-22 22:23:02, 2018-08-22 14:23:09, 2018-09-01 13:46:38"
84042,delofe@xogeg.net,
84042,welise@fomos.net,
84042,resuta@tavob.net,
84042,funabo@wihuq.org,
84042,gewudu@tazeq.net,
84042,werusa@bitut.net,
84042,reyili@dawed.org,
84042,rereme@qucor.org,
84042,wuseqi@pejod.net,
84042,javali@tafuq.org,
84042,jatoja@likid.org,
84042,wedunu@radev.com,
84042,korovi@wevul.com,
84042,honayo@zatib.org,
84042,niwiti@valox.com,
84042,weruho@yucog.net,
84042,cazeqe@zitir.org,
84042,bifuri@tiwec.com,
84042,fokiko@hoqup.net,
84042,xabaxu@lisak.com,
84042,dokoso@cixiy.org,"2018-08-23 09:20:34, 2018-08-23 09:24:03, 2018-08-23 09:20:34, 2018-08-23 09:24:21"
84042,dokoso@cixiy.org,"2018-08-23 09:24:03, 2018-08-23 09:24:03, 2018-08-23 09:20:34, 2018-08-23 09:24:21"
84042,dokoso@cixiy.org,"2018-08-23 09:24:21, 2018-08-23 09:24:03, 2018-08-23 09:20:34, 2018-08-23 09:24:21"
84042,babewe@tured.org,
84042,tupeme@wanaj.org,
84042,gogere@pifos.org,
84042,jicule@fuyay.net,
84042,bubone@relif.net,
84042,babaye@nefeq.net,"2018-08-21 18:02:59, 2018-08-21 18:04:15, 2018-08-21 18:05:47, 2018-08-21 18:02:59"
84042,babaye@nefeq.net,"2018-08-21 18:04:15, 2018-08-21 18:04:15, 2018-08-21 18:05:47, 2018-08-21 18:02:59"
84042,babaye@nefeq.net,"2018-08-21 18:05:47, 2018-08-21 18:04:15, 2018-08-21 18:05:47, 2018-08-21 18:02:59"
84042,seyeko@hexum.org,
84042,raxono@xahat.org,
84042,zujeni@kocac.com,
84042,hifuce@revab.org,
84042,buyayo@diduc.net,
84042,petagu@qimot.com,"2018-08-21 12:51:44, 2018-08-21 12:53:26, 2018-08-21 12:51:44"
84042,petagu@qimot.com,"2018-08-21 12:53:26, 2018-08-21 12:53:26, 2018-08-21 12:51:44"
84042,sovami@havid.com,
84042,zeposu@qukuf.com,
84042,wonimo@quseh.org,
84042,yizoza@kisak.org,
84042,zawadu@mapid.org,"2018-08-25 12:57:51, 2018-08-25 13:07:29, 2018-08-25 12:57:51, 2018-08-25 13:03:41"
84042,zawadu@mapid.org,"2018-08-25 13:03:41, 2018-08-25 13:07:29, 2018-08-25 12:57:51, 2018-08-25 13:03:41"
84042,zawadu@mapid.org,"2018-08-25 13:07:29, 2018-08-25 13:07:29, 2018-08-25 12:57:51, 2018-08-25 13:03:41"
84042,lowotu@necur.org,
84042,zokece@kuqem.com,
84042,tiwetu@yexad.net,
84042,vujoki@jenej.org,
84042,hupevi@legat.com,
84042,qahuyi@tikop.com,
84042,doyija@mamon.com,
84042,dazuyu@zivud.com,
84042,zisape@wafis.net,"2018-08-24 16:54:23, 2018-08-25 07:29:18, 2018-08-24 16:54:23, 2018-08-25 01:52:58"
84042,zisape@wafis.net,"2018-08-25 01:52:58, 2018-08-25 07:29:18, 2018-08-24 16:54:23, 2018-08-25 01:52:58"
84042,zisape@wafis.net,"2018-08-25 07:29:18, 2018-08-25 07:29:18, 2018-08-24 16:54:23, 2018-08-25 01:52:58"
84042,sizare@mezeh.org,
84042,gadono@nubek.net,"2018-08-24 20:23:13, 2018-08-24 20:23:13, 2018-09-01 13:11:01, 2018-09-01 13:15:10"
84042,xikoma@vuzih.org,
84042,cerite@duzoy.org,
84042,sejeso@dafez.com,
84042,seroji@bopan.com,
84042,zegado@poyuk.org,
84042,zuviyi@suked.com,"2018-08-23 16:55:24, 2018-08-23 16:55:24, 2018-08-31 07:13:42"
84042,lexoye@gutum.net,
84042,bexufu@juvoz.com,
84042,celuza@nogep.org,
84042,meyolo@buguj.net,"2018-08-23 11:09:31, 2018-08-23 11:11:11, 2018-08-23 11:13:23, 2018-08-23 11:09:31, 2018-08-29 09:24:36, 2018-08-29 08:07:32"
84042,meyolo@buguj.net,"2018-08-23 11:11:11, 2018-08-23 11:11:11, 2018-08-23 11:13:23, 2018-08-23 11:09:31, 2018-08-29 09:24:36, 2018-08-29 08:07:32"
84042,meyolo@buguj.net,"2018-08-23 11:13:23, 2018-08-23 11:11:11, 2018-08-23 11:13:23, 2018-08-23 11:09:31, 2018-08-29 09:24:36, 2018-08-29 08:07:32"
84042,jixeqe@duhix.net,
84042,xohewo@vucin.net,
84042,horipu@kuwod.com,
84042,diriwi@niqej.org,
84042,kuluco@junit.net,
84042,xuxigi@xaken.org,
84042,korinu@vumit.net,
84042,zaroga@vobam.com,"2018-08-22 11:26:33, 2018-08-22 11:26:33"
84042,hugewe@qifov.org,
84042,tihaqe@pisuj.net,
84042,qifaru@jugud.org,
84042,halasu@wulep.net,
84042,bijijo@mowad.org,
84042,kexipi@pijat.org,
84042,fujeme@gumut.org,"2018-08-23 09:44:15, 2018-08-23 18:39:45, 2018-08-23 09:44:15, 2018-08-31 01:12:00"
84042,fujeme@gumut.org,"2018-08-23 18:39:45, 2018-08-23 18:39:45, 2018-08-23 09:44:15, 2018-08-31 01:12:00"
84042,cugisa@fewac.net,
84042,jokabi@daqej.net,
84042,fikeho@narib.com,
84042,takotu@taweb.org,
84042,piwebu@dafuq.com,
84042,muqulo@xutof.org,
84042,zijeru@zazov.org,
84042,huhuyo@yujel.net,
84042,bevobe@vunej.org,
84042,recucu@duqur.com,
84042,kejuvi@seyip.org,
84042,kenani@yojah.com,
84042,nivoxi@pukog.org,"2018-08-21 07:45:43, 2018-08-21 07:45:43, 2018-08-21 07:49:52"
84042,nivoxi@pukog.org,"2018-08-21 07:49:52, 2018-08-21 07:45:43, 2018-08-21 07:49:52"
84042,nikame@mofub.com,
84042,jihome@kagan.net,"2018-08-22 14:33:08, 2018-08-22 14:38:05, 2018-08-22 14:33:08"
84042,jihome@kagan.net,"2018-08-22 14:38:05, 2018-08-22 14:38:05, 2018-08-22 14:33:08"
84042,xapaqi@sexos.com,"2018-08-21 04:06:19, 2018-08-23 13:43:43, 2018-08-21 04:06:19, 2018-08-23 17:59:24"
84042,xapaqi@sexos.com,"2018-08-23 13:43:43, 2018-08-23 13:43:43, 2018-08-21 04:06:19, 2018-08-23 17:59:24"
84042,xapaqi@sexos.com,"2018-08-23 17:59:24, 2018-08-23 13:43:43, 2018-08-21 04:06:19, 2018-08-23 17:59:24"
84042,tudile@gadeq.com,
84042,wesohe@velif.org,"2018-08-24 12:24:11, 2018-08-24 12:24:11"
84042,ciluso@figil.com,
84042,dacaza@nomap.com,
84042,seqiga@mocaj.org,
84042,nonuga@bajoy.net,"2018-08-22 07:26:57, 2018-08-22 07:26:57, 2018-08-22 07:29:23"
84042,nonuga@bajoy.net,"2018-08-22 07:29:23, 2018-08-22 07:26:57, 2018-08-22 07:29:23"
84042,beliso@beyov.com,
84042,fazupo@casih.net,
84042,gisoxa@periz.com,
84042,ricapo@latip.net,
84042,banofi@xaqiw.net,
84042,jemamo@yimon.net,
84042,darodo@xujob.com,
84042,xogeju@mamav.net,"2018-08-21 20:31:48, 2018-08-21 20:40:52, 2018-08-21 20:31:48, 2018-08-21 20:38:50, 2018-08-21 20:38:15, 2018-08-30 07:22:59, 2018-08-31 13:28:20"
84042,xogeju@mamav.net,"2018-08-21 20:38:15, 2018-08-21 20:40:52, 2018-08-21 20:31:48, 2018-08-21 20:38:50, 2018-08-21 20:38:15, 2018-08-30 07:22:59, 2018-08-31 13:28:20"
84042,xogeju@mamav.net,"2018-08-21 20:38:50, 2018-08-21 20:40:52, 2018-08-21 20:31:48, 2018-08-21 20:38:50, 2018-08-21 20:38:15, 2018-08-30 07:22:59, 2018-08-31 13:28:20"
84042,xogeju@mamav.net,"2018-08-21 20:40:52, 2018-08-21 20:40:52, 2018-08-21 20:31:48, 2018-08-21 20:38:50, 2018-08-21 20:38:15, 2018-08-30 07:22:59, 2018-08-31 13:28:20"
84042,dokeko@maset.org,
84042,bopoqo@ranih.net,"2018-08-23 17:28:52, 2018-08-25 05:04:16, 2018-08-23 17:28:52"
84042,bopoqo@ranih.net,"2018-08-25 05:04:16, 2018-08-25 05:04:16, 2018-08-23 17:28:52"
84042,zuxuro@sogeh.com,
84042,mivejo@konob.net,
84042,kaneda@juqey.com,
84042,yewamu@fabox.com,
84042,cikuci@cakal.org,
84042,yehaki@dipes.net,
84042,kiciru@lumer.org,
84042,berije@yucar.org,
84042,nukeho@lenos.net,
84042,bidegi@dosav.net,
84042,fovedo@yokip.net,
84042,wetehe@xumer.com,"2018-08-25 13:29:13, 2018-08-25 13:36:17, 2018-08-25 13:32:37, 2018-08-25 13:29:13, 2018-08-31 04:48:35"
84042,wetehe@xumer.com,"2018-08-25 13:32:37, 2018-08-25 13:36:17, 2018-08-25 13:32:37, 2018-08-25 13:29:13, 2018-08-31 04:48:35"
84042,wetehe@xumer.com,"2018-08-25 13:36:17, 2018-08-25 13:36:17, 2018-08-25 13:32:37, 2018-08-25 13:29:13, 2018-08-31 04:48:35"
84042,nofutu@wuzih.com,
84042,mavoqe@fidoq.net,
84042,varovo@geluc.net,
84042,bedibo@xomiq.org,"2018-08-24 05:06:23, 2018-08-24 05:10:19, 2018-08-24 05:06:23, 2018-08-24 05:14:17, 2018-08-24 05:07:08"
84042,bedibo@xomiq.org,"2018-08-24 05:07:08, 2018-08-24 05:10:19, 2018-08-24 05:06:23, 2018-08-24 05:14:17, 2018-08-24 05:07:08"
84042,bedibo@xomiq.org,"2018-08-24 05:10:19, 2018-08-24 05:10:19, 2018-08-24 05:06:23, 2018-08-24 05:14:17, 2018-08-24 05:07:08"
84042,bedibo@xomiq.org,"2018-08-24 05:14:17, 2018-08-24 05:10:19, 2018-08-24 05:06:23, 2018-08-24 05:14:17, 2018-08-24 05:07:08"
84042,minuyo@fitos.com,
84042,xileso@ceyin.net,
84042,hinisa@wibib.com,
84042,fibuya@zefur.com,
84042,vanana@zagev.com,
84042,bociko@fariz.net,
84042,zorewu@dalub.org,
84042,teqowe@cucod.org,
84042,rabise@jinuv.org,"2018-08-20 18:37:45, 2018-08-20 18:42:09, 2018-08-20 18:37:45, 2018-08-20 18:42:35"
84042,rabise@jinuv.org,"2018-08-20 18:42:09, 2018-08-20 18:42:09, 2018-08-20 18:37:45, 2018-08-20 18:42:35"
84042,rabise@jinuv.org,"2018-08-20 18:42:35, 2018-08-20 18:42:09, 2018-08-20 18:37:45, 2018-08-20 18:42:35"
84042,megepi@xoxey.net,
84042,qozeta@qixil.com,
84042,zolimi@memih.com,
84042,mijiwu@nepuw.com,
84042,bewiko@caluh.com,
84042,suhoki@loxex.com,
84042,xerece@wirad.org,
84042,rirufi@nuver.org,
84042,cazapu@gebam.org,
84042,lugiru@numuq.com,
84042,purava@fifip.net,"2018-08-24 21:52:35, 2018-08-24 21:52:35, 2018-08-24 21:53:59, 2018-08-24 21:55:43"
84042,purava@fifip.net,"2018-08-24 21:53:59, 2018-08-24 21:52:35, 2018-08-24 21:53:59, 2018-08-24 21:55:43"
84042,purava@fifip.net,"2018-08-24 21:55:43, 2018-08-24 21:52:35, 2018-08-24 21:53:59, 2018-08-24 21:55:43"
84042,facoma@fonop.org,
84042,dogase@vabek.org,
84042,widaci@sokah.net,
84042,siracu@zalaq.net,
84042,qaronu@rosik.com,
84042,pujina@heriv.net,
88175,fuyufi@gojeq.org,
88175,qetele@qoxet.org,"2018-08-24 03:17:11, 2018-08-24 03:19:12, 2018-08-24 03:17:11, 2018-08-24 03:19:01, 2018-08-24 03:18:49"
88175,qetele@qoxet.org,"2018-08-24 03:18:49, 2018-08-24 03:19:12, 2018-08-24 03:17:11, 2018-08-24 03:19:01, 2018-08-24 03:18:49"
88175,qetele@qoxet.org,"2018-08-24 03:19:01, 2018-08-24 03:19:12, 2018-08-24 03:17:11, 2018-08-24 03:19:01, 2018-08-24 03:18:49"
88175,qetele@qoxet.org,"2018-08-24 03:19:12, 2018-08-24 03:19:12, 2018-08-24 03:17:11, 2018-08-24 03:19:01, 2018-08-24 03:18:49"
88175,daqubi@nutog.net,
88175,hozewe@jijuw.com,
88175,rokeqa@kabur.com,"2018-08-21 23:58:05, 2018-08-25 09:36:58, 2018-08-21 23:58:05"
88175,rokeqa@kabur.com,"2018-08-25 09:36:58, 2018-08-25 09:36:58, 2018-08-21 23:58:05"
88175,cujado@jipoq.com,
88175,zitewu@zanec.org,
88175,buqiga@yoruc.com,
88175,soduti@yotac.net,
88175,vusufe@wifit.org,
88175,rodewe@rihij.com,"2018-08-22 23:18:54, 2018-08-22 23:18:54"
88175,rogaro@xeyiw.net,
88175,maxaho@qalon.org,
88175,hiwege@nicuv.net,
88175,toduqe@hohim.com,
88175,wimada@lorik.net,
88175,horuqa@qajat.org,
88175,faxexa@xotiw.org,
88175,mepexu@sahaf.org,
88175,futuca@taxot.net,
88175,nonopa@rigok.com,
88175,naquha@ratat.org,
88175,todozu@yucuc.org,
88175,vawide@sibob.org,"2018-08-25 09:51:46, 2018-08-25 09:57:06, 2018-08-25 09:51:46"
88175,vawide@sibob.org,"2018-08-25 09:57:06, 2018-08-25 09:57:06, 2018-08-25 09:51:46"
88175,samogo@zaxom.com,
88175,yikowa@qoyom.org,
88175,buzaju@nofaz.com,"2018-08-22 22:54:08, 2018-08-22 22:54:08"
88175,takero@nepef.com,
88175,jegimi@zamos.org,"2018-08-23 16:48:56, 2018-08-23 16:56:06, 2018-08-23 16:50:07, 2018-08-23 16:52:47, 2018-08-23 16:48:56"
88175,jegimi@zamos.org,"2018-08-23 16:50:07, 2018-08-23 16:56:06, 2018-08-23 16:50:07, 2018-08-23 16:52:47, 2018-08-23 16:48:56"
88175,jegimi@zamos.org,"2018-08-23 16:52:47, 2018-08-23 16:56:06, 2018-08-23 16:50:07, 2018-08-23 16:52:47, 2018-08-23 16:48:56"
88175,jegimi@zamos.org,"2018-08-23 16:56:06, 2018-08-23 16:56:06, 2018-08-23 16:50:07, 2018-08-23 16:52:47, 2018-08-23 16:48:56"
88175,kogitu@ruhaq.org,
88175,yejove@zinof.com,
88175,rozebu@valul.com,
88175,zepoli@pofic.net,
88175,detenu@makat.com,
88175,rirudu@nevih.net,
88175,vozove@rujep.org,
88175,bapube@sapas.net,
88175,raziti@potut.org,
88175,wimisu@nuqic.net,
88175,nasuzo@xenus.org,
88175,nonuxa@piwib.net,
88175,teseku@ribid.com,
88175,kecete@waquh.com,
88175,jizaqo@qafiq.net,"2018-08-22 19:52:04, 2018-08-22 19:52:25, 2018-08-22 19:52:04"
88175,jizaqo@qafiq.net,"2018-08-22 19:52:25, 2018-08-22 19:52:25, 2018-08-22 19:52:04"
88175,wuvalu@jurit.net,
88175,lolanu@bitej.org,
88175,cojava@licoz.net,
88175,coyiwa@xolow.org,
88175,ciyazi@qidil.org,
88175,cutizu@pawuc.org,
88175,cimodu@jucux.org,"2018-08-22 17:07:40, 2018-08-22 17:07:40"
88175,decuze@kixev.org,"2018-08-21 17:29:33, 2018-08-21 17:29:33, 2018-08-21 17:30:36"
88175,decuze@kixev.org,"2018-08-21 17:30:36, 2018-08-21 17:29:33, 2018-08-21 17:30:36"
88175,cucore@fubex.org,
88175,yekodu@lolom.org,
88175,zawadi@yisid.net,
88175,toviti@moxaw.net,
88175,tocije@vuher.org,
88175,loqufa@boqak.net,
88175,qufefo@mavig.org,
88175,doxuxu@luzuy.com,
88175,geqoco@qicer.org,
88175,baxide@zalow.net,
88175,qavewu@hinuk.com,
88175,fahori@najam.net,
88175,nifivo@suqiy.net,"2018-08-23 07:41:25, 2018-08-23 07:43:54, 2018-08-23 07:41:25, 2018-08-23 07:43:19"
88175,nifivo@suqiy.net,"2018-08-23 07:43:19, 2018-08-23 07:43:54, 2018-08-23 07:41:25, 2018-08-23 07:43:19"
88175,nifivo@suqiy.net,"2018-08-23 07:43:54, 2018-08-23 07:43:54, 2018-08-23 07:41:25, 2018-08-23 07:43:19"
88175,tikela@watof.net,"2018-08-23 08:56:46, 2018-08-25 15:42:01, 2018-08-23 08:56:46"
88175,tikela@watof.net,"2018-08-25 15:42:01, 2018-08-25 15:42:01, 2018-08-23 08:56:46"
88175,vanehi@rijuc.com,
88175,livaci@cuyig.org,
88175,paducu@yidil.com,
88175,vuxabi@rofaf.org,
88175,wimabi@deqah.org,
88175,higihu@tulam.com,
88175,tuloye@qedav.org,
88175,fejapa@konuc.org,
88175,denefe@tikiy.org,
88175,duqemi@divub.net,
88175,zahaqo@rajuy.com,
88175,tinuro@hujoc.net,
88175,xatomu@yokel.org,"2018-08-21 13:40:23, 2018-08-21 17:00:35, 2018-08-22 08:00:39, 2018-08-23 15:55:06, 2018-08-21 13:40:23, 2018-08-29 07:01:02, 2018-08-29 07:01:02"
88175,xatomu@yokel.org,"2018-08-21 17:00:35, 2018-08-21 17:00:35, 2018-08-22 08:00:39, 2018-08-23 15:55:06, 2018-08-21 13:40:23, 2018-08-29 07:01:02, 2018-08-29 07:01:02"
88175,xatomu@yokel.org,"2018-08-22 08:00:39, 2018-08-21 17:00:35, 2018-08-22 08:00:39, 2018-08-23 15:55:06, 2018-08-21 13:40:23, 2018-08-29 07:01:02, 2018-08-29 07:01:02"
88175,xatomu@yokel.org,"2018-08-23 15:55:06, 2018-08-21 17:00:35, 2018-08-22 08:00:39, 2018-08-23 15:55:06, 2018-08-21 13:40:23, 2018-08-29 07:01:02, 2018-08-29 07:01:02"
88175,tugobo@liqiw.com,
88175,dokuza@sugun.org,
88175,rajuzu@pokof.com,
88175,febatu@xicar.net,"2018-08-20 22:03:43, 2018-08-25 09:06:28, 2018-08-24 21:03:51, 2018-08-20 22:03:43, 2018-08-23 05:08:20, 2018-08-29 20:04:20, 2018-08-29 20:06:35, 2018-08-29 20:07:27"
88175,febatu@xicar.net,"2018-08-23 05:08:20, 2018-08-25 09:06:28, 2018-08-24 21:03:51, 2018-08-20 22:03:43, 2018-08-23 05:08:20, 2018-08-29 20:04:20, 2018-08-29 20:06:35, 2018-08-29 20:07:27"
88175,febatu@xicar.net,"2018-08-24 21:03:51, 2018-08-25 09:06:28, 2018-08-24 21:03:51, 2018-08-20 22:03:43, 2018-08-23 05:08:20, 2018-08-29 20:04:20, 2018-08-29 20:06:35, 2018-08-29 20:07:27"
88175,febatu@xicar.net,"2018-08-25 09:06:28, 2018-08-25 09:06:28, 2018-08-24 21:03:51, 2018-08-20 22:03:43, 2018-08-23 05:08:20, 2018-08-29 20:04:20, 2018-08-29 20:06:35, 2018-08-29 20:07:27"
88175,noyuka@siqac.net,"2018-08-21 08:27:14, 2018-08-21 08:27:14, 2018-08-23 08:53:29, 2018-08-22 06:07:33, 2018-08-25 03:12:33"
88175,noyuka@siqac.net,"2018-08-22 06:07:33, 2018-08-21 08:27:14, 2018-08-23 08:53:29, 2018-08-22 06:07:33, 2018-08-25 03:12:33"
88175,noyuka@siqac.net,"2018-08-23 08:53:29, 2018-08-21 08:27:14, 2018-08-23 08:53:29, 2018-08-22 06:07:33, 2018-08-25 03:12:33"
88175,noyuka@siqac.net,"2018-08-25 03:12:33, 2018-08-21 08:27:14, 2018-08-23 08:53:29, 2018-08-22 06:07:33, 2018-08-25 03:12:33"
88175,bovusa@xiqob.net,
88175,guyugi@jijat.org,
88175,berane@xemog.org,
88175,tonoqo@xonuk.net,
88175,bodowe@viwox.org,
88175,muteku@habux.net,
88175,muquwi@mekox.com,"2018-08-22 15:07:47, 2018-08-22 15:11:14, 2018-08-22 15:07:47"
88175,muquwi@mekox.com,"2018-08-22 15:11:14, 2018-08-22 15:11:14, 2018-08-22 15:07:47"
88175,supago@vusup.org,"2018-08-24 05:54:43, 2018-08-24 05:54:43, 2018-08-24 05:59:39"
88175,supago@vusup.org,"2018-08-24 05:59:39, 2018-08-24 05:54:43, 2018-08-24 05:59:39"
88175,fugoga@lisaw.org,
88175,hupuxe@jabot.net,
88175,pohovo@qegiv.com,"2018-08-22 12:51:52, 2018-08-22 12:51:52, 2018-08-22 12:58:39"
88175,pohovo@qegiv.com,"2018-08-22 12:58:39, 2018-08-22 12:51:52, 2018-08-22 12:58:39"
88175,fikici@logos.net,"2018-08-20 17:20:35, 2018-08-20 17:20:35, 2018-08-20 17:23:29, 2018-08-20 17:29:35, 2018-08-20 17:24:24"
88175,fikici@logos.net,"2018-08-20 17:23:29, 2018-08-20 17:20:35, 2018-08-20 17:23:29, 2018-08-20 17:29:35, 2018-08-20 17:24:24"
88175,fikici@logos.net,"2018-08-20 17:24:24, 2018-08-20 17:20:35, 2018-08-20 17:23:29, 2018-08-20 17:29:35, 2018-08-20 17:24:24"
88175,fikici@logos.net,"2018-08-20 17:29:35, 2018-08-20 17:20:35, 2018-08-20 17:23:29, 2018-08-20 17:29:35, 2018-08-20 17:24:24"
88175,xezuru@degeh.net,
88175,vefila@zefiz.com,
88175,yegigu@zocaz.com,
88175,yahiwa@ducic.com,
88175,bakito@fezic.com,
88175,gekoke@yoxuw.org,
88175,sohiza@zenuk.net,
88175,nexuko@coxuw.com,
88175,hedowa@dumax.com,
88175,mokaji@qoyoh.org,
88175,rukose@joras.org,"2018-08-21 02:43:17, 2018-08-22 10:16:25, 2018-08-24 09:45:25, 2018-08-21 02:43:17"
88175,rukose@joras.org,"2018-08-22 10:16:25, 2018-08-22 10:16:25, 2018-08-24 09:45:25, 2018-08-21 02:43:17"
88175,rukose@joras.org,"2018-08-24 09:45:25, 2018-08-22 10:16:25, 2018-08-24 09:45:25, 2018-08-21 02:43:17"
88175,dozeci@bezab.net,
88175,vijado@ziyox.org,
88175,terimo@redey.org,"2018-08-23 05:17:39, 2018-08-23 05:22:14, 2018-08-23 05:17:39, 2018-08-23 05:18:27"
88175,terimo@redey.org,"2018-08-23 05:18:27, 2018-08-23 05:22:14, 2018-08-23 05:17:39, 2018-08-23 05:18:27"
88175,terimo@redey.org,"2018-08-23 05:22:14, 2018-08-23 05:22:14, 2018-08-23 05:17:39, 2018-08-23 05:18:27"
88175,dopige@jibit.net,
88175,kazozi@reguy.org,
88175,nideni@yuxez.net,
88175,jiwobo@nimuz.org,"2018-08-24 22:23:59, 2018-08-24 22:25:10, 2018-08-24 22:24:59, 2018-08-24 22:23:59, 2018-08-24 22:25:24"
88175,jiwobo@nimuz.org,"2018-08-24 22:24:59, 2018-08-24 22:25:10, 2018-08-24 22:24:59, 2018-08-24 22:23:59, 2018-08-24 22:25:24"
88175,jiwobo@nimuz.org,"2018-08-24 22:25:10, 2018-08-24 22:25:10, 2018-08-24 22:24:59, 2018-08-24 22:23:59, 2018-08-24 22:25:24"
88175,jiwobo@nimuz.org,"2018-08-24 22:25:24, 2018-08-24 22:25:10, 2018-08-24 22:24:59, 2018-08-24 22:23:59, 2018-08-24 22:25:24"
88175,susidu@tenep.com,
88175,donuku@gafij.org,
88175,wukiro@yinal.net,
88175,pubazo@doxoq.org,
88175,xejoru@sonux.net,
88175,sarixa@digah.com,
88175,derepi@tigox.org,"2018-08-22 08:37:43, 2018-08-24 09:42:38, 2018-08-22 08:37:43"
88175,derepi@tigox.org,"2018-08-24 09:42:38, 2018-08-24 09:42:38, 2018-08-22 08:37:43"
88175,besaqi@weqis.org,
88175,kefuto@jocuj.com,
88175,zulixo@guxug.org,
88175,woxuci@kevow.com,
88175,rezido@nehoj.org,"2018-08-25 16:32:45, 2018-08-25 16:33:30, 2018-08-25 16:32:45, 2018-08-25 16:38:37"
88175,rezido@nehoj.org,"2018-08-25 16:33:30, 2018-08-25 16:33:30, 2018-08-25 16:32:45, 2018-08-25 16:38:37"
88175,rezido@nehoj.org,"2018-08-25 16:38:37, 2018-08-25 16:33:30, 2018-08-25 16:32:45, 2018-08-25 16:38:37"
88175,huqana@qizaf.org,
88175,vuledi@tuliy.org,
88175,tucata@raral.net,
88175,jimizi@hubew.net,
88175,haraso@nisoc.com,
88175,fomoda@sapin.org,
88175,woyiwu@rawim.org,
88175,qiputa@sehas.net,
88175,mevenu@fazey.net,
88175,lusubu@yivot.org,"2018-08-24 16:52:10, 2018-08-24 16:52:10, 2018-08-24 16:54:34, 2018-08-24 16:54:24, 2018-08-30 11:11:09, 2018-08-29 02:39:06, 2018-08-29 21:54:22"
88175,lusubu@yivot.org,"2018-08-24 16:54:24, 2018-08-24 16:52:10, 2018-08-24 16:54:34, 2018-08-24 16:54:24, 2018-08-30 11:11:09, 2018-08-29 02:39:06, 2018-08-29 21:54:22"
88175,lusubu@yivot.org,"2018-08-24 16:54:34, 2018-08-24 16:52:10, 2018-08-24 16:54:34, 2018-08-24 16:54:24, 2018-08-30 11:11:09, 2018-08-29 02:39:06, 2018-08-29 21:54:22"
88175,yujavi@zecip.net,
88175,nupubu@racup.org,
88175,wewohi@keyed.net,
88175,hidami@cutog.net,
88175,jaguju@tixib.com,
88175,luwere@ponow.net,
88175,taduho@giyac.org,
88175,kivexu@yiwub.org,
88175,cedeji@filiz.net,
88175,zozopo@verib.com,"2018-08-21 22:53:10, 2018-08-21 22:59:14, 2018-08-21 22:53:10"
88175,zozopo@verib.com,"2018-08-21 22:59:14, 2018-08-21 22:59:14, 2018-08-21 22:53:10"
88175,nexuma@vetar.org,
88175,solomu@tibiy.net,
88175,feheva@yoyub.org,
88175,warume@tucax.net,
88175,hevefo@sugup.org,
88175,sohide@xuhec.com,
88175,guciji@wajam.com,
88175,polefi@cisuz.com,
88175,donuxa@zukiw.org,"2018-08-23 19:18:39, 2018-08-23 19:18:39"
88175,logipa@jabij.com,
88175,tanayi@xapun.org,
88175,tupoci@tojaz.com,
88175,hozari@cidan.net,
88175,lizede@sijuj.net,
88175,mejiso@fizaf.com,
88175,sesafu@vojaf.net,
88175,zoyexa@sesep.net,"2018-08-22 21:54:14, 2018-08-22 21:54:14, 2018-08-28 11:55:48, 2018-09-01 14:28:45"
88175,tedazi@hidur.org,"2018-08-21 17:28:54, 2018-08-21 17:28:54"
88175,nokowe@qivoh.com,
88175,vobiye@widak.com,
88175,wogaso@sahar.com,"2018-08-22 07:06:46, 2018-08-22 07:06:46"
88175,wemuta@ruheg.com,
88175,rekaze@vomah.com,
88175,poqeno@gamek.net,
88175,waxeho@wopax.org,
88175,daveya@gopor.com,
88175,pegeve@dilix.org,
88175,gepuxe@yutaf.org,
88175,hehipu@rulud.net,
88175,horuce@vewun.com,
88175,voqahe@kimox.com,"2018-08-22 14:41:53, 2018-08-22 14:48:54, 2018-08-22 14:41:53, 2018-08-22 14:45:17, 2018-08-28 01:04:14, 2018-08-29 10:41:16"
88175,voqahe@kimox.com,"2018-08-22 14:45:17, 2018-08-22 14:48:54, 2018-08-22 14:41:53, 2018-08-22 14:45:17, 2018-08-28 01:04:14, 2018-08-29 10:41:16"
88175,voqahe@kimox.com,"2018-08-22 14:48:54, 2018-08-22 14:48:54, 2018-08-22 14:41:53, 2018-08-22 14:45:17, 2018-08-28 01:04:14, 2018-08-29 10:41:16"
88175,narato@behil.org,
88175,kuleha@niyun.com,
88175,wemusi@conor.net,
88175,diqeha@bazit.org,
88175,cosema@rarin.net,
88175,toneve@nasiy.com,
88175,tinica@dozay.net,
88175,mufima@qukem.com,
88175,riliqo@mikas.org,
88175,xalige@fanew.com,
88175,rojoka@cupaw.net,
88175,nuvida@xahow.com,"2018-08-23 05:19:26, 2018-08-23 05:19:26, 2018-08-23 05:24:55, 2018-08-23 05:20:49"
88175,nuvida@xahow.com,"2018-08-23 05:20:49, 2018-08-23 05:19:26, 2018-08-23 05:24:55, 2018-08-23 05:20:49"
88175,nuvida@xahow.com,"2018-08-23 05:24:55, 2018-08-23 05:19:26, 2018-08-23 05:24:55, 2018-08-23 05:20:49"
88175,pipinu@sizoc.net,"2018-08-20 21:53:02, 2018-08-20 21:53:02, 2018-08-23 09:49:58"
88175,pipinu@sizoc.net,"2018-08-23 09:49:58, 2018-08-20 21:53:02, 2018-08-23 09:49:58"
88175,nebiwa@wucev.net,
88175,ruvace@sirih.net,
88175,hosako@haqun.com,
88175,voladu@qaxuc.org,
88175,fuximi@cidey.com,
88175,paxaga@momoy.org,
88175,waqotu@pefiv.net,
88175,kinero@moven.org,
88175,mavese@sadep.com,
88175,dabune@dovop.net,"2018-08-21 13:10:37, 2018-08-21 13:10:37, 2018-08-24 17:32:50"
88175,dabune@dovop.net,"2018-08-24 17:32:50, 2018-08-21 13:10:37, 2018-08-24 17:32:50"
88175,cilewu@pasag.net,
88175,yafime@wosul.com,
88175,popici@hulom.org,
88175,pimori@wehus.com,"2018-08-21 00:35:49, 2018-08-22 03:13:11, 2018-08-21 00:35:49, 2018-08-29 23:01:22, 2018-08-29 22:56:38, 2018-08-29 22:57:52, 2018-08-29 23:00:51"
88175,pimori@wehus.com,"2018-08-22 03:13:11, 2018-08-22 03:13:11, 2018-08-21 00:35:49, 2018-08-29 23:01:22, 2018-08-29 22:56:38, 2018-08-29 22:57:52, 2018-08-29 23:00:51"
88175,lipedo@darom.net,
88175,rikevu@tudos.com,
88175,nefuqi@zuqil.net,
88175,wicuzo@pisur.org,
88175,lezajo@famuv.com,
88175,qezaye@junut.net,
88175,ruceqa@haluk.com,
88175,puduxu@datuq.com,
88175,poguqi@pufim.com,
88175,lebero@memol.org,
88175,yudoxe@melob.com,
88175,wucalo@geciy.com,
88175,zezemo@lujep.com,
88175,xukaxu@buwib.net,
88175,nebahe@zurel.org,
88175,naxaso@sikik.org,
88175,cateha@kehor.net,
88175,luzinu@ciwip.com,
88175,siniru@zixem.org,
88175,yuyixu@viret.net,"2018-08-22 14:45:18, 2018-08-22 14:45:18, 2018-08-22 14:47:45"
88175,yuyixu@viret.net,"2018-08-22 14:47:45, 2018-08-22 14:45:18, 2018-08-22 14:47:45"
88175,zibumu@baxir.com,
88175,gurigi@rujik.com,
88175,xetoba@nelon.org,
88175,husice@negug.net,
88175,welamo@bucup.net,
88175,nobaka@rugox.net,
88175,mocone@gamex.org,
88175,kebala@bufan.net,
88175,jerido@zurov.net,
88175,qigesi@xakem.net,
88175,jijune@kaqan.net,
88175,yikupi@gugix.com,
88175,jebomu@xikiy.com,
88175,firito@muxec.org,
88175,hudufi@noneb.net,"2018-08-24 15:03:56, 2018-08-24 15:03:56"
88175,sageyi@jecur.com,
88175,sezihe@zupes.com,"2018-08-22 11:17:40, 2018-08-22 11:21:45, 2018-08-22 11:17:40, 2018-08-22 11:19:49"
88175,sezihe@zupes.com,"2018-08-22 11:19:49, 2018-08-22 11:21:45, 2018-08-22 11:17:40, 2018-08-22 11:19:49"
88175,sezihe@zupes.com,"2018-08-22 11:21:45, 2018-08-22 11:21:45, 2018-08-22 11:17:40, 2018-08-22 11:19:49"
88175,rejifo@fuhun.org,
88175,kumara@menol.net,
88175,celiva@gisin.com,
88175,yidado@tetoc.org,"2018-08-22 19:59:16, 2018-08-23 12:58:44, 2018-08-22 19:59:16"
88175,yidado@tetoc.org,"2018-08-23 12:58:44, 2018-08-23 12:58:44, 2018-08-22 19:59:16"
88175,nokati@qovac.net,
88175,runalu@toyef.net,
88175,lerani@tazeh.net,
88175,rufihi@bumoy.net,"2018-08-21 01:23:25, 2018-08-21 01:23:25"
88175,didazo@gufiq.com,
88175,wepenu@tekuy.net,
88175,rebugi@fixav.org,
88175,rixufu@wexut.com,
88175,qejolu@dogid.org,"2018-08-22 22:08:56, 2018-08-22 22:08:56, 2018-09-01 01:55:19"
88175,lufopa@risam.org,
88175,kipofe@weyey.org,
88175,linejo@detav.net,
88175,hivote@fesoj.net,
88175,lirufi@nuceh.net,
88175,vidimo@rupuj.org,
88175,giheme@vibob.com,
88175,bapifi@mapad.net,"2018-08-20 18:11:14, 2018-08-20 18:18:22, 2018-08-20 18:15:34, 2018-08-20 18:11:14, 2018-08-20 18:12:44"
88175,bapifi@mapad.net,"2018-08-20 18:12:44, 2018-08-20 18:18:22, 2018-08-20 18:15:34, 2018-08-20 18:11:14, 2018-08-20 18:12:44"
88175,bapifi@mapad.net,"2018-08-20 18:15:34, 2018-08-20 18:18:22, 2018-08-20 18:15:34, 2018-08-20 18:11:14, 2018-08-20 18:12:44"
88175,bapifi@mapad.net,"2018-08-20 18:18:22, 2018-08-20 18:18:22, 2018-08-20 18:15:34, 2018-08-20 18:11:14, 2018-08-20 18:12:44"
88175,huhewu@taciv.net,
88175,xuguju@mefir.org,
88175,tukawu@jisog.net,
88175,zedore@liqun.net,
88175,kadivi@wogac.net,
88175,vifaze@sowoy.org,
88175,surizi@jepac.net,"2018-08-21 04:50:25, 2018-08-21 04:50:25, 2018-08-21 04:52:16"
88175,surizi@jepac.net,"2018-08-21 04:52:16, 2018-08-21 04:50:25, 2018-08-21 04:52:16"
88175,gexija@dabaj.net,
88175,wohune@joqil.net,
88175,narubi@hadut.net,
88175,rajano@jibab.com,
88175,jevafi@racol.net,
88175,camuco@yicig.net,
88175,mesoca@qiviq.com,
88175,hetiho@niloy.net,
88175,wiweye@tagud.com,
88175,fefizu@zetif.com,
88175,vamisa@joger.org,
88175,wajeda@vemam.com,"2018-08-20 23:35:51, 2018-08-20 23:35:51, 2018-08-24 06:14:30, 2018-08-21 13:40:32, 2018-08-22 16:18:58"
88175,wajeda@vemam.com,"2018-08-21 13:40:32, 2018-08-20 23:35:51, 2018-08-24 06:14:30, 2018-08-21 13:40:32, 2018-08-22 16:18:58"
88175,wajeda@vemam.com,"2018-08-22 16:18:58, 2018-08-20 23:35:51, 2018-08-24 06:14:30, 2018-08-21 13:40:32, 2018-08-22 16:18:58"
88175,wajeda@vemam.com,"2018-08-24 06:14:30, 2018-08-20 23:35:51, 2018-08-24 06:14:30, 2018-08-21 13:40:32, 2018-08-22 16:18:58"
88175,todoli@naxaw.com,
88175,xukufa@xeyeg.com,
88175,biyubu@sibur.com,
88175,corafa@koxat.net,"2018-08-24 05:04:19, 2018-08-24 05:04:19, 2018-08-24 05:08:21, 2018-08-24 05:04:50"
88175,corafa@koxat.net,"2018-08-24 05:04:50, 2018-08-24 05:04:19, 2018-08-24 05:08:21, 2018-08-24 05:04:50"
88175,corafa@koxat.net,"2018-08-24 05:08:21, 2018-08-24 05:04:19, 2018-08-24 05:08:21, 2018-08-24 05:04:50"
88175,yawubu@retuc.net,
88175,yakani@hujuc.com,
88175,tasuhu@rojiw.com,"2018-08-23 08:01:15, 2018-08-23 08:01:15"
88175,tohiku@dorer.net,"2018-08-21 09:11:18, 2018-08-22 09:47:50, 2018-08-21 09:11:18, 2018-08-24 05:47:21, 2018-08-22 16:41:57"
88175,tohiku@dorer.net,"2018-08-22 09:47:50, 2018-08-22 09:47:50, 2018-08-21 09:11:18, 2018-08-24 05:47:21, 2018-08-22 16:41:57"
88175,tohiku@dorer.net,"2018-08-22 16:41:57, 2018-08-22 09:47:50, 2018-08-21 09:11:18, 2018-08-24 05:47:21, 2018-08-22 16:41:57"
88175,tohiku@dorer.net,"2018-08-24 05:47:21, 2018-08-22 09:47:50, 2018-08-21 09:11:18, 2018-08-24 05:47:21, 2018-08-22 16:41:57"
88175,vaxita@fekul.net,
88175,dexiyo@buwen.com,
88175,bugili@dufeh.org,
88175,lehuri@huxil.com,
88175,naporo@fedep.net,
88175,yekano@ragoh.org,
88175,xotuqu@nated.com,"2018-08-20 19:50:57, 2018-08-20 19:50:57"
88175,neseco@junog.org,
88175,pehafu@yolon.com,
88175,lexofu@zayuv.com,"2018-08-24 16:21:42, 2018-08-24 16:23:09, 2018-08-24 16:29:34, 2018-08-24 16:22:51, 2018-08-24 16:21:42"
88175,lexofu@zayuv.com,"2018-08-24 16:22:51, 2018-08-24 16:23:09, 2018-08-24 16:29:34, 2018-08-24 16:22:51, 2018-08-24 16:21:42"
88175,lexofu@zayuv.com,"2018-08-24 16:23:09, 2018-08-24 16:23:09, 2018-08-24 16:29:34, 2018-08-24 16:22:51, 2018-08-24 16:21:42"
88175,lexofu@zayuv.com,"2018-08-24 16:29:34, 2018-08-24 16:23:09, 2018-08-24 16:29:34, 2018-08-24 16:22:51, 2018-08-24 16:21:42"
88175,pamolu@sapox.com,
88175,kivipe@veyav.com,"2018-08-24 16:05:50, 2018-08-24 16:05:50"
88175,covodo@balok.org,
88175,zapelo@decug.com,
88175,keyowu@qubab.net,
88175,kecuse@vapun.net,
88175,kewojo@wahoq.com,
88175,dedora@xilov.org,"2018-08-22 09:25:12, 2018-08-25 11:27:24, 2018-08-22 09:25:12, 2018-08-22 18:40:40, 2018-08-22 16:34:22"
88175,dedora@xilov.org,"2018-08-22 16:34:22, 2018-08-25 11:27:24, 2018-08-22 09:25:12, 2018-08-22 18:40:40, 2018-08-22 16:34:22"
88175,dedora@xilov.org,"2018-08-22 18:40:40, 2018-08-25 11:27:24, 2018-08-22 09:25:12, 2018-08-22 18:40:40, 2018-08-22 16:34:22"
88175,dedora@xilov.org,"2018-08-25 11:27:24, 2018-08-25 11:27:24, 2018-08-22 09:25:12, 2018-08-22 18:40:40, 2018-08-22 16:34:22"
88175,texeji@yapez.com,"2018-08-21 01:50:08, 2018-08-21 01:50:54, 2018-08-21 01:50:08"
88175,texeji@yapez.com,"2018-08-21 01:50:54, 2018-08-21 01:50:54, 2018-08-21 01:50:08"
88175,gutare@laxer.com,
88175,jozaci@konix.com,"2018-08-23 05:13:03, 2018-08-23 05:13:03, 2018-08-31 08:02:03, 2018-08-27 17:08:46, 2018-08-31 23:23:19"
88175,juzehu@xanos.org,
88175,cikibo@winol.com,
88175,quqafi@yetar.org,
88175,mamase@cimem.org,
88175,boneho@vodod.net,
88175,yugeri@ruleq.org,
88175,qijaco@vovor.net,
88175,linigi@yiyaq.com,
88175,midobo@vupej.org,"2018-08-21 01:14:23, 2018-08-21 01:16:36, 2018-08-21 01:14:28, 2018-08-21 01:14:23"
88175,midobo@vupej.org,"2018-08-21 01:14:28, 2018-08-21 01:16:36, 2018-08-21 01:14:28, 2018-08-21 01:14:23"
88175,midobo@vupej.org,"2018-08-21 01:16:36, 2018-08-21 01:16:36, 2018-08-21 01:14:28, 2018-08-21 01:14:23"
88175,janoxu@jexoy.org,
88175,xavudo@zumuj.net,
88175,kabuhe@ralem.net,
88175,hokuzo@poker.com,
88175,qixaze@yumaq.org,
88175,bohehu@jacox.org,
88175,jenata@qanuz.com,
88175,bufiva@libuv.org,
88175,nijacu@lojus.net,
88175,jojuhu@mevak.net,
88175,cekupo@kamab.org,"2018-08-22 22:02:37, 2018-08-22 22:02:37, 2018-08-22 22:02:52"
88175,cekupo@kamab.org,"2018-08-22 22:02:52, 2018-08-22 22:02:37, 2018-08-22 22:02:52"
88175,xarulo@silev.org,"2018-08-22 19:31:54, 2018-08-22 19:31:54, 2018-08-25 15:57:48"
88175,xarulo@silev.org,"2018-08-25 15:57:48, 2018-08-22 19:31:54, 2018-08-25 15:57:48"
88175,numavo@waros.com,
88175,cuyiqo@levul.net,
88175,wovabu@pexir.com,
88175,qomana@meheh.com,"2018-08-20 20:58:47, 2018-08-20 20:58:47"
88175,fufihu@yoric.com,
88175,yajuxu@piluc.org,
88175,zodima@pizom.net,
88175,ditela@yowoh.com,
88175,vujapo@kuyiv.com,
88175,voqoti@namil.org,
88175,qukagi@kuzan.org,
88175,pibicu@fenis.net,
88175,cipifi@tilux.org,
88175,podafa@nulez.com,
88175,zufapi@bejeg.net,
88175,powezu@xuyeb.net,
88175,fohuta@foheh.org,
88175,fekubi@hijaq.com,
88175,rutube@tipoy.org,
88175,layumu@monoy.org,"2018-08-23 15:10:24, 2018-08-23 15:12:10, 2018-08-23 15:10:24, 2018-09-01 06:55:09"
88175,layumu@monoy.org,"2018-08-23 15:12:10, 2018-08-23 15:12:10, 2018-08-23 15:10:24, 2018-09-01 06:55:09"
88175,sibilo@wayes.net,
88175,qigoci@pekeq.com,
88175,munoku@yiyex.com,
88175,kolova@lasey.net,
88175,pawiqe@sanuy.org,
88175,museji@cifun.net,
88175,mezedo@hebab.com,"2018-08-23 10:24:20, 2018-08-23 10:24:20"
88175,zifuca@bawis.com,
88175,lunata@xifub.net,
88175,gojeva@labid.com,
88175,hukute@sucuq.org,
88175,hugeso@lemid.org,
88175,hapamu@yijit.org,
88175,jivade@cuzev.net,
88175,henadi@vunoh.net,
88175,bifolo@qeyuz.com,
88175,vehivu@vameq.org,
88175,licala@lukeq.org,
88175,huboyo@fihen.com,
88175,ciqido@hasud.net,
88175,ximora@numel.net,
88175,zezota@nunib.net,
88175,gisuxo@fimaq.com,
88175,guloqu@tarur.org,"2018-08-25 07:06:18, 2018-08-25 07:06:18"
88175,qokela@bewek.org,
88175,nunepu@yonoh.org,"2018-08-22 06:07:11, 2018-08-22 06:09:08, 2018-08-22 06:07:11, 2018-08-22 06:08:47, 2018-08-22 06:09:18"
88175,nunepu@yonoh.org,"2018-08-22 06:08:47, 2018-08-22 06:09:08, 2018-08-22 06:07:11, 2018-08-22 06:08:47, 2018-08-22 06:09:18"
88175,nunepu@yonoh.org,"2018-08-22 06:09:08, 2018-08-22 06:09:08, 2018-08-22 06:07:11, 2018-08-22 06:08:47, 2018-08-22 06:09:18"
88175,nunepu@yonoh.org,"2018-08-22 06:09:18, 2018-08-22 06:09:08, 2018-08-22 06:07:11, 2018-08-22 06:08:47, 2018-08-22 06:09:18"
88175,zuqifa@qocik.org,
88175,hohave@qalud.net,"2018-08-24 02:40:34, 2018-08-24 02:44:58, 2018-08-24 02:43:25, 2018-08-24 02:40:34, 2018-08-24 02:49:05"
88175,hohave@qalud.net,"2018-08-24 02:43:25, 2018-08-24 02:44:58, 2018-08-24 02:43:25, 2018-08-24 02:40:34, 2018-08-24 02:49:05"
88175,hohave@qalud.net,"2018-08-24 02:44:58, 2018-08-24 02:44:58, 2018-08-24 02:43:25, 2018-08-24 02:40:34, 2018-08-24 02:49:05"
88175,hohave@qalud.net,"2018-08-24 02:49:05, 2018-08-24 02:44:58, 2018-08-24 02:43:25, 2018-08-24 02:40:34, 2018-08-24 02:49:05"
88175,yajefu@fixaj.org,
88175,xalize@fumem.com,
88175,bujare@tagoq.com,
88175,ciyobe@rofuq.net,
88175,nutiya@lufaw.org,
88175,moviqo@zetet.com,
88175,dewaza@dudux.com,
88175,dutoki@pohiz.org,
88175,kutelu@volas.org,
88175,bowiki@sehel.net,
88175,pedalo@pamoz.org,
88175,pucepa@kapuw.org,
88175,muzeme@yuqay.net,
88175,yumuca@bikes.org,
88175,luwoqo@kupam.net,"2018-08-23 06:58:34, 2018-08-23 06:58:34, 2018-08-23 07:04:53, 2018-08-23 07:02:21"
88175,luwoqo@kupam.net,"2018-08-23 07:02:21, 2018-08-23 06:58:34, 2018-08-23 07:04:53, 2018-08-23 07:02:21"
88175,luwoqo@kupam.net,"2018-08-23 07:04:53, 2018-08-23 06:58:34, 2018-08-23 07:04:53, 2018-08-23 07:02:21"
88175,valoro@haheq.com,
88175,jeqeza@minac.net,
88175,wojaqe@varoh.org,
88175,magebe@vufiv.org,"2018-08-20 23:27:22, 2018-08-20 23:27:22, 2018-08-20 23:30:58"
88175,magebe@vufiv.org,"2018-08-20 23:30:58, 2018-08-20 23:27:22, 2018-08-20 23:30:58"
88175,qanico@cepuv.net,
88175,wolivi@cadel.net,
88175,mewoyo@fixug.com,
88175,lahove@minak.org,
88175,zuruye@mojeg.net,
88175,dinera@rokir.org,"2018-08-22 05:46:32, 2018-08-22 05:46:32"
88175,muzoti@tekis.net,
88175,bayele@retuw.org,"2018-08-21 17:09:14, 2018-08-21 17:09:14, 2018-08-22 03:17:02, 2018-08-22 01:42:35, 2018-08-23 20:24:57"
88175,bayele@retuw.org,"2018-08-22 01:42:35, 2018-08-21 17:09:14, 2018-08-22 03:17:02, 2018-08-22 01:42:35, 2018-08-23 20:24:57"
88175,bayele@retuw.org,"2018-08-22 03:17:02, 2018-08-21 17:09:14, 2018-08-22 03:17:02, 2018-08-22 01:42:35, 2018-08-23 20:24:57"
88175,bayele@retuw.org,"2018-08-23 20:24:57, 2018-08-21 17:09:14, 2018-08-22 03:17:02, 2018-08-22 01:42:35, 2018-08-23 20:24:57"
88175,lalema@qoxeb.com,
88175,zuxobu@gehul.com,
88175,sufuvi@helit.net,"2018-08-23 03:47:47, 2018-08-23 03:47:47, 2018-08-23 03:47:52"
88175,sufuvi@helit.net,"2018-08-23 03:47:52, 2018-08-23 03:47:47, 2018-08-23 03:47:52"
88175,qiquzi@webug.com,
88175,norequ@mives.com,
88175,fecuce@wadus.com,
88175,hoyime@xivuq.org,"2018-08-22 04:24:35, 2018-08-22 04:25:00, 2018-08-22 04:24:35, 2018-08-29 06:29:29, 2018-09-01 09:37:14, 2018-08-29 01:20:14, 2018-08-30 05:58:15"
88175,hoyime@xivuq.org,"2018-08-22 04:25:00, 2018-08-22 04:25:00, 2018-08-22 04:24:35, 2018-08-29 06:29:29, 2018-09-01 09:37:14, 2018-08-29 01:20:14, 2018-08-30 05:58:15"
88175,mifaxa@hejel.com,
88175,yeniye@ramup.org,
88175,ginani@husiq.net,
88175,ceyota@zesob.net,
88175,jajotu@zuqav.com,
88175,jozuda@pakit.net,
88175,rihiju@sozoz.com,
88175,moxisu@nupij.org,
88175,fojuwo@defut.org,"2018-08-24 06:21:19, 2018-08-24 06:21:19"
88175,vanosa@yujev.net,
88175,xojecu@laqef.net,
88175,pufijo@quyol.net,
88175,dubuvo@wecuw.org,"2018-08-21 12:06:30, 2018-08-21 12:06:30, 2018-08-21 12:10:08"
88175,dubuvo@wecuw.org,"2018-08-21 12:10:08, 2018-08-21 12:06:30, 2018-08-21 12:10:08"
88175,xawama@maxiz.com,
88175,jipepo@powuw.net,
88175,buheke@yopub.org,
88175,lagiva@giput.net,
88175,xebuno@hozur.org,
88175,leyaxo@ravox.org,
88175,nebugo@kuyey.net,
88175,tufafa@ruwiq.com,
88175,yovoco@hikun.org,
88175,boxiho@qoyeh.com,
88175,yiboto@lopiw.org,
88175,wereka@vituw.com,"2018-08-21 21:45:57, 2018-08-21 21:45:57"
88175,ruwaka@kunuv.com,
88175,leqofa@resoj.net,
88175,gimiko@maniw.org,
88175,fegoco@lunuk.org,
88175,wiyija@yatey.com,
88175,fukeme@hocup.net,
88175,hesalu@witiv.net,
88175,wejexu@pogic.net,"2018-08-23 09:42:03, 2018-08-25 14:06:29, 2018-08-25 01:30:31, 2018-08-23 09:42:03, 2018-08-23 14:38:51, 2018-08-30 04:49:34, 2018-08-30 04:54:34, 2018-08-30 04:54:09, 2018-08-30 04:47:59"
88175,wejexu@pogic.net,"2018-08-23 14:38:51, 2018-08-25 14:06:29, 2018-08-25 01:30:31, 2018-08-23 09:42:03, 2018-08-23 14:38:51, 2018-08-30 04:49:34, 2018-08-30 04:54:34, 2018-08-30 04:54:09, 2018-08-30 04:47:59"
88175,wejexu@pogic.net,"2018-08-25 01:30:31, 2018-08-25 14:06:29, 2018-08-25 01:30:31, 2018-08-23 09:42:03, 2018-08-23 14:38:51, 2018-08-30 04:49:34, 2018-08-30 04:54:34, 2018-08-30 04:54:09, 2018-08-30 04:47:59"
88175,wejexu@pogic.net,"2018-08-25 14:06:29, 2018-08-25 14:06:29, 2018-08-25 01:30:31, 2018-08-23 09:42:03, 2018-08-23 14:38:51, 2018-08-30 04:49:34, 2018-08-30 04:54:34, 2018-08-30 04:54:09, 2018-08-30 04:47:59"
88175,cugoha@wikof.net,
88175,voqibu@mucil.net,
88175,pufega@yomic.com,
88175,govebo@tecex.org,
88175,ropeca@zotog.com,
88175,nivira@daceq.org,
88175,tolaju@cizug.org,
88175,duzibo@liwag.com,
88175,qatiyo@wemab.net,"2018-08-24 20:15:12, 2018-08-24 20:15:12"
88175,dihoba@rosan.org,
88175,socixo@rowuw.org,
88175,saceto@jubev.com,"2018-08-23 15:14:46, 2018-08-23 15:14:46"
88175,terizo@rosuy.org,
88175,lurubu@habof.org,
88175,qavati@gacux.org,
88175,pozazo@timil.com,
88175,zipiti@zagey.net,
88175,belivo@gogac.org,
88175,nefera@mifiw.net,
88175,gerale@cekoh.com,"2018-08-23 19:55:51, 2018-08-23 19:55:51, 2018-08-24 09:54:57"
88175,gerale@cekoh.com,"2018-08-24 09:54:57, 2018-08-23 19:55:51, 2018-08-24 09:54:57"
88175,xiyebu@posaf.org,
88175,menuqa@juloc.org,
88175,womesi@peqik.org,
88175,bivora@rapel.com,
88175,jitase@cajed.net,
88175,cexiba@ciniy.net,
88175,bocafe@nepun.net,
88175,yodeho@posag.org,"2018-08-21 19:33:50, 2018-08-21 19:39:21, 2018-08-21 19:38:37, 2018-08-21 19:33:50"
88175,yodeho@posag.org,"2018-08-21 19:38:37, 2018-08-21 19:39:21, 2018-08-21 19:38:37, 2018-08-21 19:33:50"
88175,yodeho@posag.org,"2018-08-21 19:39:21, 2018-08-21 19:39:21, 2018-08-21 19:38:37, 2018-08-21 19:33:50"
88175,yuguha@yacad.net,
88175,qujasa@yokok.net,"2018-08-22 09:13:40, 2018-08-22 09:15:14, 2018-08-22 09:13:40, 2018-08-22 09:16:11"
88175,qujasa@yokok.net,"2018-08-22 09:15:14, 2018-08-22 09:15:14, 2018-08-22 09:13:40, 2018-08-22 09:16:11"
88175,qujasa@yokok.net,"2018-08-22 09:16:11, 2018-08-22 09:15:14, 2018-08-22 09:13:40, 2018-08-22 09:16:11"
88175,zagiro@jakod.com,
88175,bipalu@fipet.net,"2018-08-23 04:38:16, 2018-08-23 04:38:29, 2018-08-23 04:41:47, 2018-08-23 04:38:16"
88175,bipalu@fipet.net,"2018-08-23 04:38:29, 2018-08-23 04:38:29, 2018-08-23 04:41:47, 2018-08-23 04:38:16"
88175,bipalu@fipet.net,"2018-08-23 04:41:47, 2018-08-23 04:38:29, 2018-08-23 04:41:47, 2018-08-23 04:38:16"
88175,wicoja@tiret.com,
88175,nedema@vuyos.net,"2018-08-21 23:21:00, 2018-08-21 23:21:00, 2018-08-21 23:23:47"
88175,nedema@vuyos.net,"2018-08-21 23:23:47, 2018-08-21 23:21:00, 2018-08-21 23:23:47"
88175,facuji@larey.org,
88175,duzaba@yezuq.net,"2018-08-25 15:11:13, 2018-08-25 15:13:27, 2018-08-25 15:11:13"
88175,duzaba@yezuq.net,"2018-08-25 15:13:27, 2018-08-25 15:13:27, 2018-08-25 15:11:13"
88175,xerico@patif.org,
88175,zonilu@jekax.com,
88175,voyayu@qutut.org,
88175,hupuge@cumum.net,
88175,vedugu@lupol.org,
88175,lekuro@riyel.net,
88175,sozuti@locah.org,
88175,pozama@weqed.org,
88175,demofi@diwor.net,
88175,xoxudo@cilip.com,
88175,gakefu@saqiy.com,"2018-08-24 23:46:14, 2018-08-24 23:46:14"
88175,yisomi@kehid.net,
88175,gobuda@yasex.net,
88175,mitilu@jewep.net,
88175,dimuji@suven.org,
88175,luluba@puzuc.net,
88175,qobeka@dudas.net,
88175,meseze@yigir.net,
